timestamp;x (in G's);y (in G's);z (in G's)
1600601969.495436;-0.115997;-0.253357;-0.919479
1600601969.524580;-0.119568;-0.260300;-0.913162
1600601969.543989;-0.112442;-0.269501;-0.923172
1600601969.563429;-0.109131;-0.271896;-0.930359
1600601969.582838;-0.105515;-0.282837;-0.922470
1600601969.602278;-0.099442;-0.289520;-0.912872
1600601969.621718;-0.089310;-0.292206;-0.928391
1600601969.641127;-0.073959;-0.283707;-0.948441
1600601969.660566;-0.077301;-0.278870;-0.966476
1600601969.679976;-0.098267;-0.261826;-0.972382
1600601969.699415;-0.099121;-0.258865;-0.985138
1600601969.718824;-0.092941;-0.267670;-0.999344
1600601969.738264;-0.087952;-0.268463;-1.013702
1600601969.757673;-0.103561;-0.268341;-1.026306
1600601969.777113;-0.120621;-0.265274;-1.024414
1600601969.796522;-0.131149;-0.253326;-1.016113
1600601969.815962;-0.134262;-0.272202;-1.004105
1600601969.835371;-0.125854;-0.257828;-0.997574
1600601969.854811;-0.117020;-0.251373;-1.001373
1600601969.874250;-0.103226;-0.222824;-1.010544
1600601969.893660;-0.085327;-0.204468;-1.032104
1600601969.913099;-0.062759;-0.190460;-1.042679
1600601969.932509;-0.053192;-0.149948;-1.041611
1600601969.951948;-0.045151;-0.129791;-1.024246
1600601969.971388;-0.048355;-0.091583;-1.024109
1600601969.990797;-0.049316;-0.056244;-1.054260
1600601970.010237;-0.050049;-0.044525;-1.085953
1600601970.029646;-0.025757;-0.044968;-1.082718
1600601970.049086;-0.021774;-0.042389;-1.035416
1600601970.068495;-0.005600;-0.061340;-0.976959
1600601970.087879;0.005219;-0.078934;-0.940262
1600601970.107319;0.005051;-0.110107;-0.923828
1600601970.126728;-0.003540;-0.119858;-0.922058
1600601970.146168;-0.005234;-0.116837;-0.937744
1600601970.165577;-0.009033;-0.122635;-0.946381
1600601970.185016;-0.018082;-0.114624;-0.930298
1600601970.204426;-0.008698;-0.126816;-0.909637
1600601970.223835;-0.012665;-0.129135;-0.908951
1600601970.243275;-0.006317;-0.133530;-0.904434
1600601970.262684;0.027023;-0.143173;-0.870911
1600601970.282093;0.022293;-0.125748;-0.858002
1600601970.301533;0.011292;-0.134491;-0.878464
1600601970.320942;0.017624;-0.125992;-0.899734
1600601970.340351;0.033020;-0.120071;-0.897385
1600601970.359791;0.047592;-0.114548;-0.888382
1600601970.379200;0.070053;-0.114105;-0.884720
1600601970.398640;0.072052;-0.119461;-0.895111
1600601970.418049;0.064224;-0.128418;-0.934250
1600601970.437488;0.051071;-0.129425;-0.974945
1600601970.456898;0.054184;-0.129532;-1.018356
1600601970.476307;0.065231;-0.109039;-1.034027
1600601970.495746;0.077286;-0.096359;-1.030807
1600601970.515156;0.075363;-0.085770;-1.066650
1600601970.534595;0.067657;-0.074265;-1.118195
1600601970.554035;0.069382;-0.048416;-1.131592
1600601970.573444;0.082611;-0.039108;-1.099625
1600601970.592853;0.101486;-0.060654;-1.066162
1600601970.612293;0.071106;-0.049210;-1.046005
1600601970.631733;0.026413;-0.038895;-1.034943
1600601970.651142;0.042358;-0.044846;-1.066727
1600601970.670582;0.012970;-0.001816;-1.105835
1600601970.689991;-0.018021;0.040955;-1.126343
1600601970.709431;-0.017853;0.069458;-1.116745
1600601970.728840;0.010300;0.084167;-1.109253
1600601970.748279;0.034348;0.047043;-1.077667
1600601970.767689;-0.005341;0.028610;-0.999466
1600601970.787128;-0.033539;0.006180;-0.909317
1600601970.806537;-0.062439;0.003113;-0.892822
1600601970.825977;-0.079391;0.000824;-0.909210
1600601970.845386;-0.070419;-0.000656;-0.949631
1600601970.864826;-0.069122;0.009491;-0.976852
1600601970.884235;-0.082977;0.003860;-0.991791
1600601970.903675;-0.073456;-0.025085;-0.971771
1600601970.923115;-0.067154;-0.041595;-0.925446
1600601970.942524;-0.066681;-0.045746;-0.895020
1600601970.961933;-0.061371;-0.073196;-0.897903
1600601970.981373;-0.047043;-0.081802;-0.891815
1600601971.000782;-0.045181;-0.086182;-0.896912
1600601971.020222;-0.058060;-0.089905;-0.919952
1600601971.039631;-0.065994;-0.103958;-0.943588
1600601971.059070;-0.057449;-0.109314;-0.955780
1600601971.078429;-0.048019;-0.114319;-0.953796
1600601971.097868;-0.043213;-0.110107;-0.964737
1600601971.117277;-0.038437;-0.102753;-0.967209
1600601971.136717;-0.023712;-0.106750;-0.951706
1600601971.156126;-0.011551;-0.114685;-0.944702
1600601971.175566;-0.014221;-0.114822;-0.947891
1600601971.194975;-0.017517;-0.128922;-0.949738
1600601971.214415;-0.019485;-0.133102;-0.960312
1600601971.233824;-0.018539;-0.120621;-0.972885
1600601971.253264;-0.029282;-0.099716;-0.989441
1600601971.272673;-0.046356;-0.067871;-1.020020
1600601971.292113;-0.052032;-0.054962;-1.061005
1600601971.311522;-0.039490;-0.054810;-1.106888
1600601971.330962;-0.031036;-0.057434;-1.110779
1600601971.350371;-0.038971;-0.046158;-1.080246
1600601971.369810;-0.022217;-0.054489;-1.070786
1600601971.389220;0.000000;-0.047211;-1.093185
1600601971.408659;-0.011261;-0.024078;-1.098892
1600601971.428069;-0.010239;0.002335;-1.101593
1600601971.447508;-0.022186;0.034332;-1.109039
1600601971.466917;-0.013947;0.039429;-1.111908
1600601971.486327;0.031326;0.013748;-1.091583
1600601971.505766;0.065109;0.002563;-1.037064
1600601971.525175;0.075439;-0.006516;-0.977081
1600601971.544615;0.068710;-0.008224;-0.943146
1600601971.564024;0.059586;-0.025970;-0.938248
1600601971.583464;0.051437;-0.029053;-0.939102
1600601971.602873;0.048981;-0.033646;-0.927994
1600601971.622313;0.055298;-0.039703;-0.898926
1600601971.641722;0.041840;-0.018768;-0.885605
1600601971.661162;0.048584;-0.024063;-0.908707
1600601971.680571;0.053375;-0.036133;-0.929657
1600601971.699980;0.040070;-0.042709;-0.927307
1600601971.719420;0.040466;-0.052704;-0.894928
1600601971.738829;0.038712;-0.059998;-0.867828
1600601971.758269;0.028259;-0.082779;-0.871338
1600601971.777678;0.031860;-0.100067;-0.898041
1600601971.797118;0.022476;-0.104813;-0.913742
1600601971.816527;0.012787;-0.109741;-0.922745
1600601971.835966;0.025650;-0.132477;-0.937576
1600601971.855376;0.044159;-0.146667;-0.946014
1600601971.874815;0.044632;-0.152603;-0.957565
1600601971.894225;0.042480;-0.156723;-0.973587
1600601971.913664;0.056961;-0.168091;-0.980118
1600601971.933073;0.058304;-0.177917;-0.975311
1600601971.952513;0.051361;-0.172714;-0.977875
1600601971.971922;0.054962;-0.169571;-0.992065
1600601971.991362;0.063751;-0.157455;-1.007629
1600601972.010771;0.067154;-0.148422;-1.034714
1600601972.030211;0.071243;-0.140137;-1.056427
1600601972.049620;0.079071;-0.115982;-1.067398
1600601972.069029;0.083054;-0.090836;-1.078415
1600601972.088436;0.105194;-0.106079;-1.090332
1600601972.107846;0.086273;-0.097931;-1.094208
1600601972.127285;0.052292;-0.052811;-1.083557
1600601972.146694;0.054184;-0.068619;-1.065857
1600601972.166134;0.036179;-0.059387;-1.036072
1600601972.185544;0.015503;-0.025131;-1.019272
1600601972.204952;0.013367;-0.008881;-1.031982
1600601972.224392;0.016953;0.013901;-1.080444
1600601972.243801;0.015167;0.010712;-1.104614
1600601972.263242;-0.032166;-0.001984;-1.067017
1600601972.282650;-0.076340;-0.026794;-0.984253
1600601972.302089;-0.092407;-0.032059;-0.909103
1600601972.321499;-0.080460;-0.042007;-0.876205
1600601972.340939;-0.074982;-0.041962;-0.882370
1600601972.360348;-0.082962;-0.039185;-0.920929
1600601972.379787;-0.065567;-0.043655;-0.959198
1600601972.399227;-0.048950;-0.043213;-0.970703
1600601972.418637;-0.024109;-0.042953;-0.974106
1600601972.438076;-0.000351;-0.044464;-0.955933
1600601972.457485;0.001770;-0.054733;-0.913406
1600601972.476925;-0.024765;-0.080612;-0.877670
1600601972.496364;-0.037048;-0.099960;-0.850082
1600601972.515774;-0.045883;-0.110245;-0.835403
1600601972.535213;-0.046188;-0.124710;-0.844147
1600601972.554622;-0.045624;-0.149445;-0.851868
1600601972.574062;-0.052902;-0.149155;-0.874176
1600601972.593472;-0.042984;-0.147324;-0.894440
1600601972.612911;-0.028000;-0.150818;-0.910049
1600601972.632320;-0.010620;-0.154236;-0.931412
1600601972.651761;0.006393;-0.160660;-0.954742
1600601972.671170;0.014374;-0.159607;-0.959808
1600601972.690609;0.050339;-0.166840;-0.954620
1600601972.710018;0.050385;-0.154892;-0.962921
1600601972.729459;0.013184;-0.110229;-0.989548
1600601972.748868;-0.003342;-0.160233;-1.049820
1600601972.768307;-0.035553;-0.176132;-1.083099
1600601972.787716;-0.078964;-0.149536;-1.097092
1600601972.807155;-0.126709;-0.115219;-1.091660
1600601972.826566;-0.138931;-0.084366;-1.083405
1600601972.846004;-0.093445;-0.074463;-1.073456
1600601972.865413;-0.026901;-0.092407;-1.032928
1600601972.884853;-0.011307;-0.099777;-0.999512
1600601972.904263;0.016113;-0.129532;-1.007385
1600601972.923702;0.040451;-0.141922;-1.044388
1600601972.943111;0.007248;-0.067261;-1.078415
1600601972.962551;-0.027557;-0.038269;-1.113022
1600601972.981961;-0.039062;0.000061;-1.145187
1600601973.001400;-0.033356;0.051041;-1.149536
1600601973.020839;0.031326;0.018753;-1.121140
1600601973.040249;0.060883;-0.003204;-1.062561
1600601973.059689;0.036072;-0.027863;-0.993484
1600601973.079056;0.001205;-0.043579;-0.941696
1600601973.098464;-0.035385;-0.049149;-0.917892
1600601973.117903;-0.036728;-0.050781;-0.916412
1600601973.137314;-0.005936;-0.060913;-0.933563
1600601973.156753;-0.004150;-0.052414;-0.949478
1600601973.176162;-0.008102;-0.072723;-0.946869
1600601973.195601;-0.009857;-0.086182;-0.914795
1600601973.215011;-0.010223;-0.115555;-0.875549
1600601973.234421;-0.009109;-0.134750;-0.843887
1600601973.253860;-0.007584;-0.150848;-0.829803
1600601973.273268;0.006439;-0.170197;-0.847366
1600601973.292709;0.014923;-0.172989;-0.876801
1600601973.312118;0.007492;-0.172333;-0.891449
1600601973.331558;0.016586;-0.172607;-0.886795
1600601973.350997;0.021057;-0.168915;-0.884399
1600601973.370407;0.027481;-0.172546;-0.893860
1600601973.389847;0.011765;-0.169571;-0.916214
1600601973.409256;0.018005;-0.173355;-0.929718
1600601973.428694;0.016159;-0.176773;-0.933121
1600601973.448105;-0.007172;-0.163910;-0.934250
1600601973.467544;-0.018234;-0.172516;-0.936798
1600601973.486953;-0.012711;-0.170364;-0.963058
1600601973.506392;-0.020844;-0.125702;-1.003128
1600601973.525802;-0.013840;-0.093933;-1.074799
1600601973.545242;0.018524;-0.072861;-1.092117
1600601973.564651;0.080429;-0.128723;-1.092194
1600601973.584090;0.052994;-0.072449;-1.076584
1600601973.603500;0.025421;-0.104385;-1.061386
1600601973.622940;-0.018021;-0.148529;-1.065887
1600601973.642349;-0.106049;-0.074570;-1.069794
1600601973.661788;-0.146606;-0.043442;-1.093414
1600601973.681227;-0.122101;-0.047470;-1.100128
1600601973.700638;-0.068146;-0.045242;-1.057693
1600601973.720077;-0.048584;-0.060074;-1.015976
1600601973.739486;-0.075684;-0.058044;-0.961243
1600601973.758925;-0.109161;-0.074326;-0.907486
1600601973.778335;-0.114960;-0.091721;-0.871597
1600601973.797775;-0.103210;-0.092682;-0.897400
1600601973.817183;-0.110504;-0.070175;-0.963654
1600601973.836623;-0.095001;-0.052338;-1.018478
1600601973.856064;-0.065231;-0.059189;-1.034546
1600601973.875473;-0.049423;-0.060165;-1.021851
1600601973.894912;-0.052551;-0.073273;-0.972229
1600601973.914351;-0.042877;-0.106613;-0.916534
1600601973.933761;-0.040146;-0.124268;-0.882431
1600601973.953201;-0.029144;-0.150482;-0.871521
1600601973.972641;-0.040985;-0.151749;-0.879639
1600601973.992049;-0.055359;-0.150604;-0.900772
1600601974.011490;-0.046707;-0.156876;-0.921463
1600601974.030899;-0.030060;-0.162354;-0.921326
1600601974.050338;-0.027557;-0.168091;-0.909821
1600601974.069747;-0.038452;-0.163544;-0.915909
1600601974.089172;-0.038513;-0.167572;-0.944458
1600601974.108612;-0.034912;-0.172394;-0.974854
1600601974.128021;-0.036804;-0.165314;-0.984268
1600601974.147461;-0.040695;-0.159454;-0.983093
1600601974.166870;-0.038971;-0.162018;-0.994156
1600601974.186310;-0.048676;-0.143188;-1.027145
1600601974.205719;-0.059601;-0.124268;-1.086899
1600601974.225159;-0.079208;-0.096237;-1.138657
1600601974.244568;-0.086365;-0.098389;-1.143814
1600601974.264008;-0.038116;-0.150284;-1.074509
1600601974.283417;-0.019043;-0.139999;-1.006973
1600601974.302856;-0.000061;-0.156158;-0.998001
1600601974.322296;0.018311;-0.171158;-1.041245
1600601974.341705;-0.052765;-0.062729;-1.115341
1600601974.361145;-0.088547;-0.009460;-1.196304
1600601974.380554;-0.053787;0.019089;-1.242950
1600601974.399994;0.004135;0.040756;-1.221359
1600601974.419434;0.061234;0.013016;-1.106308
1600601974.438843;0.061707;-0.017868;-0.972824
1600601974.458282;0.059647;-0.032791;-0.885284
1600601974.477722;0.059021;-0.040634;-0.867554
1600601974.497131;0.048340;-0.045822;-0.892944
1600601974.516571;0.030136;-0.044952;-0.918701
1600601974.535980;0.013718;-0.042114;-0.927994
1600601974.555420;0.030640;-0.046570;-0.926788
1600601974.574860;0.049667;-0.052948;-0.914200
1600601974.594269;0.072464;-0.080750;-0.894928
1600601974.613708;0.069794;-0.111694;-0.867859
1600601974.633148;0.047363;-0.131317;-0.844879
1600601974.652557;0.036713;-0.159637;-0.849609
1600601974.671997;0.032822;-0.164505;-0.876923
1600601974.691406;0.028519;-0.173065;-0.907181
1600601974.710846;0.023148;-0.182236;-0.919235
1600601974.730286;0.022049;-0.210815;-0.909286
1600601974.749695;0.021973;-0.228622;-0.904343
1600601974.769135;0.012833;-0.226334;-0.909637
1600601974.788544;0.012909;-0.229370;-0.910233
1600601974.807983;0.028564;-0.228241;-0.924545
1600601974.827393;0.046188;-0.205734;-0.971191
1600601974.846832;0.063690;-0.179565;-1.027954
1600601974.866272;0.047470;-0.132492;-1.081772
1600601974.885681;0.027664;-0.077560;-1.147629
1600601974.905121;0.055542;-0.087936;-1.172592
1600601974.924530;0.073944;-0.116913;-1.144562
1600601974.943970;0.025650;-0.083923;-1.082306
1600601974.963379;0.029800;-0.113281;-1.015991
1600601974.982819;0.038727;-0.153732;-0.971573
1600601975.002258;-0.018234;-0.123291;-0.950806
1600601975.021667;-0.095764;-0.056824;-1.003998
1600601975.041107;-0.131622;-0.021912;-1.117126
1600601975.060516;-0.109726;-0.034760;-1.183731
1600601975.079899;-0.088043;-0.045502;-1.148041
1600601975.099308;-0.112213;-0.049500;-1.022781
1600601975.118748;-0.120300;-0.089645;-0.894379
1600601975.138188;-0.130722;-0.113129;-0.825256
1600601975.157597;-0.143723;-0.134064;-0.812317
1600601975.177036;-0.140594;-0.132309;-0.851852
1600601975.196446;-0.122223;-0.106491;-0.918655
1600601975.215885;-0.088242;-0.097565;-0.954544
1600601975.235295;-0.052734;-0.103714;-0.953781
1600601975.254734;-0.050903;-0.107788;-0.919327
1600601975.274143;-0.044922;-0.140137;-0.880280
1600601975.293583;-0.043686;-0.156784;-0.852692
1600601975.312992;-0.044281;-0.160721;-0.856491
1600601975.332432;-0.043396;-0.175766;-0.873962
1600601975.351841;-0.056778;-0.186920;-0.897095
1600601975.371281;-0.067703;-0.197891;-0.901520
1600601975.390690;-0.058899;-0.216492;-0.894684
1600601975.410130;-0.064056;-0.201706;-0.892548
1600601975.429539;-0.054672;-0.206680;-0.914536
1600601975.448948;-0.038910;-0.207382;-0.929367
1600601975.468388;-0.022324;-0.211960;-0.926605
1600601975.487797;-0.008713;-0.217575;-0.914841
1600601975.507237;-0.013306;-0.212326;-0.896149
1600601975.526646;-0.012390;-0.220108;-0.891556
1600601975.546086;-0.019684;-0.208008;-0.904938
1600601975.565495;-0.053940;-0.162079;-0.949600
1600601975.584934;-0.068375;-0.125763;-1.034866
1600601975.604344;-0.076553;-0.105621;-1.118256
1600601975.623753;-0.046478;-0.127075;-1.114502
1600601975.643193;-0.015747;-0.131775;-1.066589
1600601975.662602;-0.001022;-0.112106;-1.075867
1600601975.682041;0.040924;-0.122543;-1.138229
1600601975.701451;0.052032;-0.087097;-1.205490
1600601975.720890;0.031525;-0.037888;-1.258408
1600601975.740299;-0.004990;0.008667;-1.277527
1600601975.759709;-0.022430;0.045670;-1.228928
1600601975.779148;-0.008118;0.000412;-1.126831
1600601975.798557;0.002045;-0.037079;-1.025055
1600601975.817997;-0.008575;-0.044342;-0.965485
1600601975.837406;-0.016724;-0.051041;-0.954697
1600601975.856846;-0.023743;-0.048157;-0.979080
1600601975.876255;-0.032120;-0.047531;-1.002274
1600601975.895695;-0.041351;-0.044876;-0.994629
1600601975.915104;-0.035873;-0.040192;-0.963425
1600601975.934544;-0.000305;-0.044205;-0.922775
1600601975.953953;0.047256;-0.053421;-0.884567
1600601975.973393;0.049393;-0.071335;-0.866577
1600601975.992802;0.025757;-0.093903;-0.865479
1600601976.012242;0.000259;-0.107010;-0.869492
1600601976.031651;-0.008270;-0.121506;-0.861603
1600601976.051090;-0.000015;-0.139908;-0.858704
1600601976.070500;0.014801;-0.165909;-0.866241
1600601976.089922;0.017365;-0.170074;-0.873108
1600601976.109333;0.002197;-0.166046;-0.876480
1600601976.128742;-0.003113;-0.163864;-0.884888
1600601976.148180;-0.002808;-0.168747;-0.881256
1600601976.167590;0.018829;-0.200790;-0.881851
1600601976.187029;0.028824;-0.210617;-0.890503
1600601976.206439;0.020813;-0.232758;-0.917847
1600601976.225878;0.001617;-0.238388;-0.957901
1600601976.245287;-0.007339;-0.241806;-1.003662
1600601976.264727;0.002869;-0.222031;-1.041245
1600601976.284137;0.029236;-0.187637;-1.075119
1600601976.303576;0.060654;-0.173325;-1.106522
1600601976.322985;0.076508;-0.144577;-1.134567
1600601976.342425;0.080261;-0.153824;-1.131897
1600601976.361865;0.080338;-0.181396;-1.097580
1600601976.381274;0.032532;-0.142136;-1.044250
1600601976.400713;0.013657;-0.118759;-1.007462
1600601976.420124;0.006760;-0.112244;-1.003738
1600601976.439563;-0.020538;-0.087143;-1.038864
1600601976.458972;-0.063293;-0.045410;-1.086624
1600601976.478411;-0.072769;-0.037155;-1.093002
1600601976.497820;-0.046295;-0.042450;-1.057175
1600601976.517261;-0.052765;-0.038803;-1.017639
1600601976.536669;-0.062943;-0.030624;-0.987122
1600601976.556109;-0.069214;-0.015671;-0.974747
1600601976.575518;-0.046967;-0.020050;-0.990067
1600601976.594959;-0.035049;-0.021912;-1.012482
1600601976.614367;-0.045898;-0.036240;-1.010849
1600601976.633807;-0.059052;-0.049362;-0.969788
1600601976.653216;-0.058060;-0.081909;-0.919312
1600601976.672655;-0.075073;-0.100449;-0.869705
1600601976.692065;-0.093323;-0.118866;-0.829056
1600601976.711504;-0.106110;-0.140839;-0.800400
1600601976.730914;-0.114853;-0.149063;-0.803314
1600601976.750354;-0.102951;-0.146805;-0.819962
1600601976.769763;-0.104797;-0.142532;-0.840057
1600601976.789202;-0.093826;-0.142410;-0.862976
1600601976.808611;-0.084000;-0.137024;-0.883316
1600601976.828052;-0.060425;-0.141052;-0.900314
1600601976.847461;-0.044785;-0.132050;-0.910431
1600601976.866900;-0.041138;-0.147675;-0.913254
1600601976.886309;-0.023636;-0.166245;-0.915909
1600601976.905750;-0.014709;-0.169922;-0.914932
1600601976.925189;-0.006638;-0.179031;-0.915237
1600601976.944598;0.006744;-0.188950;-0.930069
1600601976.964037;0.021118;-0.189316;-0.965195
1600601976.983446;0.027084;-0.191284;-0.993454
1600601977.002887;0.015549;-0.188812;-1.004807
1600601977.022295;0.012131;-0.180557;-1.011032
1600601977.041735;0.010727;-0.161911;-1.038971
1600601977.061144;0.023651;-0.144684;-1.073853
1600601977.080534;0.053055;-0.155716;-1.089142
1600601977.099943;0.070358;-0.142242;-1.072479
1600601977.119383;0.077988;-0.117569;-1.047714
1600601977.138793;0.086411;-0.106125;-1.086639
1600601977.158232;0.061081;-0.009857;-1.211304
1600601977.177641;0.033081;0.060974;-1.350784
1600601977.197081;0.016968;0.098297;-1.393661
1600601977.216491;-0.028839;0.161789;-1.339828
1600601977.235929;-0.019791;0.110306;-1.236038
1600601977.255339;0.000641;0.054230;-1.114655
1600601977.274778;0.002365;0.014771;-0.992386
1600601977.294188;-0.017227;-0.020447;-0.912216
1600601977.313627;-0.034988;-0.039337;-0.888123
1600601977.333036;-0.044235;-0.039871;-0.891998
1600601977.352476;-0.032562;-0.042358;-0.890671
1600601977.371917;-0.018219;-0.037720;-0.880035
1600601977.391325;0.007538;-0.035278;-0.870056
1600601977.410765;0.036453;-0.042343;-0.863358
1600601977.430174;0.035477;-0.052979;-0.856079
1600601977.449615;0.022476;-0.084183;-0.851410
1600601977.469023;0.007660;-0.095398;-0.840805
1600601977.488462;0.003952;-0.119675;-0.848679
1600601977.507902;-0.001236;-0.142120;-0.872757
1600601977.527311;0.000320;-0.163269;-0.881134
1600601977.546751;0.009155;-0.170883;-0.861099
1600601977.566160;0.035294;-0.194931;-0.845535
1600601977.585600;0.044098;-0.191940;-0.867325
1600601977.605009;0.043289;-0.201538;-0.907837
1600601977.624449;0.051743;-0.226624;-0.938461
1600601977.643858;0.050446;-0.226852;-0.951233
1600601977.663298;0.048004;-0.230347;-0.943054
1600601977.682707;0.061020;-0.225327;-0.952393
1600601977.702147;0.043152;-0.183899;-0.981689
1600601977.721556;0.026657;-0.145142;-1.031097
1600601977.740995;0.031738;-0.087082;-1.090652
1600601977.760435;0.070251;-0.061172;-1.117844
1600601977.779845;0.078323;-0.082520;-1.116241
1600601977.799284;0.040207;-0.057053;-1.076385
1600601977.818724;0.028778;-0.075470;-1.021164
1600601977.838133;0.034271;-0.081665;-0.985611
1600601977.857574;-0.020020;-0.009827;-1.021393
1600601977.876982;-0.044464;0.067520;-1.135162
1600601977.896421;-0.038223;0.030838;-1.229004
1600601977.915861;-0.030945;-0.012756;-1.231033
1600601977.935270;-0.087570;-0.044388;-1.125153
1600601977.954710;-0.141785;-0.053024;-0.994324
1600601977.974119;-0.139420;-0.088348;-0.926102
1600601977.993559;-0.121368;-0.090805;-0.895111
1600601978.012969;-0.107666;-0.091690;-0.889923
1600601978.032408;-0.109055;-0.076294;-0.895523
1600601978.051847;-0.099304;-0.071457;-0.908142
1600601978.071257;-0.080978;-0.060242;-0.916229
1600601978.090660;-0.054565;-0.059158;-0.920532
1600601978.110069;-0.033112;-0.069916;-0.901993
1600601978.129509;-0.021683;-0.088318;-0.862778
1600601978.148949;-0.020859;-0.094696;-0.849991
1600601978.168358;-0.030502;-0.109070;-0.875168
1600601978.187798;-0.044601;-0.116928;-0.898773
1600601978.207207;-0.061111;-0.123245;-0.910339
1600601978.226647;-0.069275;-0.136780;-0.906586
1600601978.246056;-0.064423;-0.128616;-0.911896
1600601978.265496;-0.061813;-0.124084;-0.909729
1600601978.284935;-0.042801;-0.148438;-0.905640
1600601978.304344;-0.032211;-0.148010;-0.905487
1600601978.323784;-0.018066;-0.157684;-0.915009
1600601978.343193;-0.014038;-0.160965;-0.926971
1600601978.362633;-0.029831;-0.168488;-0.940765
1600601978.382042;-0.044647;-0.164597;-0.981964
1600601978.401482;-0.058029;-0.144241;-1.045700
1600601978.420891;-0.057861;-0.133148;-1.099060
1600601978.440331;-0.082306;-0.084961;-1.132385
1600601978.459740;-0.093048;-0.072205;-1.139816
1600601978.479180;-0.093582;-0.053558;-1.128174
1600601978.498589;-0.073761;-0.046341;-1.107315
1600601978.518028;-0.056320;-0.055435;-1.113602
1600601978.537468;-0.044952;-0.052032;-1.163467
1600601978.556877;-0.006287;-0.066925;-1.205490
1600601978.576317;0.038635;-0.038422;-1.201324
1600601978.595726;0.023254;0.024292;-1.120132
1600601978.615166;0.030258;0.041428;-1.039291
1600601978.634575;0.030182;0.063599;-1.013412
1600601978.654015;0.026810;0.031662;-1.030869
1600601978.673454;0.028595;0.009415;-1.031876
1600601978.692864;0.038635;-0.018433;-0.993179
1600601978.712303;0.041977;-0.031876;-0.927063
1600601978.731713;0.034454;-0.039215;-0.873123
1600601978.751152;0.001190;-0.047379;-0.860443
1600601978.770561;-0.004349;-0.060760;-0.870010
1600601978.790001;-0.008209;-0.049072;-0.893143
1600601978.809441;0.017899;-0.040710;-0.924179
1600601978.828850;0.058685;-0.043701;-0.946899
1600601978.848290;0.070282;-0.051437;-0.942474
1600601978.867699;0.056244;-0.070297;-0.911240
1600601978.887139;0.041519;-0.097260;-0.883469
1600601978.906578;0.002090;-0.119202;-0.876511
1600601978.925987;-0.001114;-0.138290;-0.894760
1600601978.945427;0.001938;-0.140579;-0.892944
1600601978.964836;0.004257;-0.156815;-0.867630
1600601978.984276;0.013290;-0.184189;-0.850708
1600601979.003716;0.015335;-0.195709;-0.852448
1600601979.023125;0.017014;-0.194336;-0.881989
1600601979.042565;0.013626;-0.195221;-0.926102
1600601979.061974;0.026810;-0.198349;-0.958679
1600601979.081396;0.038300;-0.198502;-0.962021
1600601979.100806;0.023773;-0.187637;-0.972351
1600601979.120245;0.006302;-0.187973;-0.992661
1600601979.139655;0.003510;-0.178055;-1.015900
1600601979.159094;0.007202;-0.153305;-1.053024
1600601979.178503;0.018585;-0.112762;-1.088638
1600601979.197943;0.038940;-0.125031;-1.099136
1600601979.217352;0.023529;-0.107483;-1.076202
1600601979.236792;-0.023666;-0.058319;-1.081360
1600601979.256201;-0.029831;-0.085266;-1.140259
1600601979.275641;-0.019638;-0.066330;-1.202148
1600601979.295081;-0.032944;-0.017059;-1.226730
1600601979.314490;-0.049805;0.035995;-1.193939
1600601979.333929;-0.062439;0.053772;-1.139771
1600601979.353339;-0.044724;0.033920;-1.065430
1600601979.372778;-0.039978;0.004135;-0.972641
1600601979.392187;-0.061508;-0.021332;-0.888412
1600601979.411627;-0.076981;-0.042160;-0.845947
1600601979.431036;-0.092514;-0.049820;-0.838486
1600601979.450476;-0.122940;-0.051315;-0.851868
1600601979.469885;-0.123642;-0.066315;-0.874756
1600601979.489325;-0.109650;-0.075317;-0.880981
1600601979.508734;-0.083542;-0.072983;-0.880554
1600601979.528174;-0.053268;-0.072632;-0.899490
1600601979.547583;-0.035294;-0.078568;-0.910553
1600601979.567023;-0.022751;-0.109650;-0.889755
1600601979.586432;-0.021057;-0.131912;-0.847076
1600601979.605872;-0.038208;-0.143509;-0.825043
1600601979.625311;-0.022354;-0.168655;-0.838608
1600601979.644720;0.005325;-0.168106;-0.859955
1600601979.664160;0.011551;-0.169693;-0.889740
1600601979.683569;-0.007309;-0.162979;-0.929825
1600601979.703009;-0.001434;-0.150436;-0.968277
1600601979.722418;0.030838;-0.134888;-1.005402
1600601979.741858;0.056702;-0.107285;-1.033447
1600601979.761267;0.058502;-0.097900;-1.051224
1600601979.780707;0.030197;-0.090179;-1.080536
1600601979.800116;-0.023834;-0.077682;-1.106491
1600601979.819556;-0.065796;-0.068130;-1.125671
1600601979.838965;-0.060272;-0.063141;-1.129715
1600601979.858405;-0.027054;-0.065323;-1.102142
1600601979.877814;-0.007141;-0.058182;-1.092621
1600601979.897253;0.008331;-0.045395;-1.106583
1600601979.916663;0.017776;-0.048615;-1.099487
1600601979.936102;-0.016357;-0.044754;-1.054962
1600601979.955511;-0.025452;-0.046295;-1.017883
1600601979.974951;-0.016037;-0.038513;-1.042099
1600601979.994360;0.040878;-0.032684;-1.096130
1600601980.013800;0.077606;-0.028061;-1.104706
1600601980.033209;0.077835;-0.027679;-1.071274
1600601980.052649;0.079346;-0.045380;-1.019424
1600601980.072058;0.078339;-0.064087;-0.970291
1600601980.091473;0.074844;-0.069046;-0.944641
1600601980.110882;0.074524;-0.079941;-0.939011
1600601980.130322;0.051086;-0.077271;-0.947449
1600601980.149761;0.027298;-0.060364;-0.954285
1600601980.169171;0.038834;-0.068024;-0.937271
1600601980.188610;0.060654;-0.058212;-0.905151
1600601980.208019;0.076904;-0.067047;-0.865448
1600601980.227459;0.085266;-0.091339;-0.844299
1600601980.246868;0.088913;-0.099258;-0.838867
1600601980.266308;0.079544;-0.112961;-0.835556
1600601980.285717;0.075897;-0.133667;-0.827164
1600601980.305157;0.070892;-0.149231;-0.824051
1600601980.324566;0.066696;-0.162064;-0.840668
1600601980.344006;0.066605;-0.178162;-0.857468
1600601980.363415;0.074524;-0.196838;-0.877518
1600601980.382824;0.071472;-0.197876;-0.904388
1600601980.402264;0.047195;-0.197662;-0.945206
1600601980.421673;0.029526;-0.192444;-0.999527
1600601980.441113;0.032349;-0.181351;-1.048279
1600601980.460552;0.017059;-0.159286;-1.100357
1600601980.479962;0.003128;-0.124878;-1.144165
1600601980.499401;-0.006119;-0.074295;-1.179962
1600601980.518810;0.045853;-0.064285;-1.169235
1600601980.538250;0.089203;-0.083145;-1.106873
1600601980.557659;0.064163;-0.054382;-1.062775
1600601980.577099;0.032455;-0.082123;-1.039230
1600601980.596508;0.035034;-0.111420;-1.038086
1600601980.615948;0.005203;-0.063522;-1.043091
1600601980.635357;-0.006958;-0.045197;-1.059845
1600601980.654797;-0.037888;-0.032211;-1.068192
1600601980.674206;-0.026443;-0.042938;-1.052994
1600601980.693646;-0.003403;-0.065308;-0.995453
1600601980.713055;-0.025497;-0.056046;-0.943466
1600601980.732495;-0.027878;-0.061996;-0.918716
1600601980.751904;-0.040070;-0.051697;-0.920120
1600601980.771343;-0.049744;-0.044250;-0.935593
1600601980.790753;-0.043213;-0.045914;-0.946640
1600601980.810192;-0.022186;-0.042740;-0.945480
1600601980.829601;-0.012863;-0.051804;-0.926025
1600601980.849041;-0.003220;-0.070465;-0.882507
1600601980.868481;-0.005295;-0.097366;-0.843384
1600601980.887890;-0.017639;-0.106705;-0.831085
1600601980.907330;-0.026108;-0.123764;-0.845001
1600601980.926739;-0.031067;-0.121719;-0.879120
1600601980.946179;-0.030899;-0.124619;-0.899460
1600601980.965588;-0.027176;-0.135452;-0.905685
1600601980.985027;-0.041428;-0.134140;-0.898788
1600601981.004437;-0.046661;-0.131012;-0.902359
1600601981.023876;-0.046600;-0.130630;-0.920105
1600601981.043286;-0.026962;-0.133713;-0.915176
1600601981.062725;-0.029282;-0.132446;-0.902924
1600601981.082077;-0.027847;-0.134750;-0.901398
1600601981.101516;-0.024826;-0.144714;-0.914871
1600601981.120925;-0.034821;-0.156281;-0.942230
1600601981.140365;-0.050598;-0.147400;-1.000946
1600601981.159775;-0.080887;-0.114517;-1.076355
1600601981.179214;-0.081146;-0.100143;-1.130264
1600601981.198623;-0.052887;-0.099792;-1.160248
1600601981.218063;-0.046295;-0.068283;-1.167816
1600601981.237473;-0.049683;-0.044586;-1.194214
1600601981.256912;-0.033768;-0.041061;-1.226532
1600601981.276321;-0.012375;-0.026093;-1.240372
1600601981.295760;-0.010590;-0.016769;-1.198502
1600601981.315171;-0.024582;-0.027542;-1.130447
1600601981.334610;-0.044800;-0.045319;-1.057907
1600601981.354019;-0.047119;-0.052536;-1.015579
1600601981.373458;-0.032486;-0.065414;-1.011826
1600601981.392899;-0.021973;-0.040863;-1.023834
1600601981.412308;-0.014984;-0.044357;-1.029922
1600601981.431747;-0.000519;-0.053925;-1.017319
1600601981.451156;0.003418;-0.067337;-0.978790
1600601981.470597;0.013336;-0.076981;-0.931885
1600601981.490005;0.004578;-0.095520;-0.899765
1600601981.509445;0.000366;-0.115219;-0.892059
1600601981.528854;-0.012085;-0.109848;-0.893356
1600601981.548293;-0.036453;-0.085770;-0.904602
1600601981.567734;-0.013916;-0.086884;-0.920715
1600601981.587142;0.016632;-0.079025;-0.925797
1600601981.606582;0.039551;-0.092850;-0.906723
1600601981.625991;0.039963;-0.119812;-0.872894
1600601981.645432;0.030365;-0.141937;-0.839050
1600601981.664840;0.025909;-0.158844;-0.816406
1600601981.684280;0.008133;-0.173035;-0.802795
1600601981.703690;-0.000198;-0.194000;-0.808990
1600601981.723130;-0.005051;-0.214066;-0.827164
1600601981.742568;-0.009216;-0.212875;-0.839844
1600601981.761978;-0.001297;-0.220566;-0.853195
1600601981.781417;-0.001144;-0.227371;-0.875732
1600601981.800827;-0.008026;-0.232376;-0.903839
1600601981.820266;-0.011658;-0.234879;-0.927841
1600601981.839675;-0.020142;-0.217407;-0.948059
1600601981.859115;-0.017883;-0.199554;-0.982941
1600601981.878556;-0.004517;-0.147461;-1.030334
1600601981.897964;0.019211;-0.088577;-1.073410
1600601981.917373;0.067352;-0.076721;-1.092087
1600601981.936813;0.080933;-0.082230;-1.083466
1600601981.956253;0.029404;-0.042603;-1.094391
1600601981.975662;0.005905;-0.073761;-1.099670
1600601981.995101;-0.002548;-0.105698;-1.077682
1600601982.014510;-0.039124;-0.062027;-1.043686
1600601982.033921;-0.035217;-0.050903;-1.040314
1600601982.053360;-0.043625;-0.027191;-1.104691
1600601982.072769;-0.046921;-0.011780;-1.173874
1600601982.092191;-0.032455;-0.040741;-1.186325
1600601982.111600;-0.065369;-0.047913;-1.096252
1600601982.131040;-0.106216;-0.071182;-0.991257
1600601982.150449;-0.105118;-0.095993;-0.909195
1600601982.169889;-0.100616;-0.107635;-0.882263
1600601982.189298;-0.104568;-0.088730;-0.896835
1600601982.208738;-0.132217;-0.071854;-0.960190
1600601982.228147;-0.139923;-0.054886;-1.021103
1600601982.247587;-0.101212;-0.055222;-1.068573
1600601982.266996;-0.058029;-0.045929;-1.066055
1600601982.286436;-0.023468;-0.045975;-1.018158
1600601982.305845;-0.023804;-0.076675;-0.951584
1600601982.325285;-0.039001;-0.105698;-0.895309
1600601982.344694;-0.054474;-0.125641;-0.857559
1600601982.364133;-0.049667;-0.132126;-0.845322
1600601982.383543;-0.027802;-0.143448;-0.845123
1600601982.402982;-0.016663;-0.132996;-0.850174
1600601982.422391;-0.009354;-0.123215;-0.867126
1600601982.441831;0.011047;-0.114166;-0.877426
1600601982.461240;0.031158;-0.100189;-0.883774
1600601982.480680;0.059387;-0.112030;-0.880630
1600601982.500120;0.070633;-0.120514;-0.878815
1600601982.519529;0.068344;-0.116974;-0.897110
1600601982.538969;0.059891;-0.125351;-0.915436
1600601982.558378;0.039383;-0.137787;-0.931442
1600601982.577817;0.008987;-0.149368;-0.961273
1600601982.597227;-0.039673;-0.137283;-1.008636
1600601982.616666;-0.091827;-0.140030;-1.059189
1600601982.636106;-0.114227;-0.150223;-1.085327
1600601982.655515;-0.103012;-0.144211;-1.090515
1600601982.674924;-0.090958;-0.145752;-1.097672
1600601982.694364;-0.085144;-0.131119;-1.118286
1600601982.713804;-0.053589;-0.131668;-1.137604
1600601982.733213;-0.017075;-0.127579;-1.136047
1600601982.752653;-0.007233;-0.080688;-1.111908
1600601982.772062;0.003418;-0.043442;-1.086166
1600601982.791502;0.017212;-0.013107;-1.105560
1600601982.810911;0.010773;0.023926;-1.143051
1600601982.830350;0.042252;0.035706;-1.132431
1600601982.849760;0.064835;0.042435;-1.096985
1600601982.869199;0.091873;0.006516;-1.029465
1600601982.888608;0.097229;-0.022842;-0.954315
1600601982.908048;0.073700;-0.014893;-0.899307
1600601982.927457;0.078674;-0.038071;-0.893478
1600601982.946867;0.087845;-0.033951;-0.904190
1600601982.966306;0.097458;-0.033966;-0.927750
1600601982.985746;0.073242;-0.019043;-0.935028
1600601983.005155;0.060516;-0.026749;-0.925339
1600601983.024595;0.074097;-0.039902;-0.915710
1600601983.044004;0.080673;-0.042175;-0.930893
1600601983.063444;0.078110;-0.046021;-0.941162
1600601983.082853;0.055786;-0.063400;-0.929749
1600601983.102252;0.030777;-0.092056;-0.913666
1600601983.121691;0.007217;-0.119446;-0.914001
1600601983.141100;-0.010361;-0.119171;-0.927917
1600601983.160540;0.001419;-0.137939;-0.935272
1600601983.179950;-0.002701;-0.158783;-0.929001
1600601983.199389;-0.016754;-0.165054;-0.920456
1600601983.218798;-0.037079;-0.171387;-0.935028
1600601983.238238;-0.059891;-0.198608;-0.970703
1600601983.257648;-0.100281;-0.218185;-0.994034
1600601983.277087;-0.129959;-0.234131;-0.975235
1600601983.296496;-0.127472;-0.230316;-0.948166
1600601983.315936;-0.082397;-0.210297;-0.933975
1600601983.335346;-0.022247;-0.169525;-0.935257
1600601983.354785;0.023697;-0.142212;-0.930634
1600601983.374194;0.057449;-0.133499;-0.939682
1600601983.393603;0.064560;-0.120316;-0.957367
1600601983.413043;0.061737;-0.106659;-0.969070
1600601983.432452;0.054932;-0.114273;-0.972977
1600601983.451891;0.059189;-0.150330;-0.986160
1600601983.471301;0.042084;-0.145660;-1.017700
1600601983.490741;0.024582;-0.138489;-1.020126
1600601983.510150;0.035049;-0.161179;-1.004532
1600601983.529589;-0.000626;-0.119614;-1.011063
1600601983.548998;-0.048843;-0.057816;-1.057434
1600601983.568408;-0.064102;-0.048843;-1.149521
1600601983.587847;-0.062668;-0.031326;-1.204422
1600601983.607256;-0.073502;-0.033035;-1.206024
1600601983.626696;-0.100235;-0.039413;-1.122086
1600601983.646106;-0.142883;-0.048508;-1.004532
1600601983.665515;-0.130905;-0.063477;-0.930618
1600601983.684954;-0.127899;-0.098755;-0.905670
1600601983.704363;-0.138382;-0.091873;-0.902359
1600601983.723773;-0.141449;-0.087387;-0.903244
1600601983.743212;-0.138626;-0.084061;-0.924454
1600601983.762621;-0.119431;-0.055786;-0.975266
1600601983.782032;-0.088348;-0.043594;-1.019882
1600601983.801471;-0.041489;-0.048950;-1.019882
1600601983.820880;-0.043900;-0.058594;-0.984344
1600601983.840289;-0.069595;-0.081268;-0.934265
1600601983.859728;-0.081802;-0.108139;-0.899567
1600601983.879138;-0.079330;-0.141129;-0.879990
1600601983.898547;-0.091827;-0.152878;-0.866150
1600601983.917986;-0.111343;-0.154419;-0.850433
1600601983.937397;-0.109283;-0.161453;-0.846359
1600601983.956805;-0.083191;-0.159515;-0.870071
1600601983.976244;-0.065186;-0.151901;-0.916000
1600601983.995654;-0.068756;-0.145630;-0.942459
1600601984.015064;-0.070816;-0.152924;-0.948441
1600601984.034503;-0.064362;-0.157684;-0.942581
1600601984.053912;-0.075317;-0.165070;-0.951065
1600601984.073321;-0.093475;-0.183060;-0.966888
1600601984.092719;-0.104172;-0.201279;-0.996338
1600601984.112128;-0.111496;-0.203415;-1.031921
1600601984.131537;-0.129807;-0.174866;-1.045502
1600601984.150977;-0.131729;-0.163773;-1.042435
1600601984.170386;-0.132019;-0.156998;-1.024078
1600601984.189826;-0.145508;-0.139801;-1.013885
1600601984.209235;-0.166718;-0.114929;-1.001755
1600601984.228644;-0.147476;-0.128693;-0.950195
1600601984.248084;-0.105682;-0.140854;-0.897598
1600601984.267493;-0.063004;-0.094498;-0.932022
1600601984.286902;0.010925;-0.097687;-1.000366
1600601984.306342;0.070038;-0.064880;-1.070328
1600601984.325751;0.047379;-0.007126;-1.131577
1600601984.345160;0.005432;0.071671;-1.201187
1600601984.364600;-0.010345;0.091019;-1.230743
1600601984.384009;0.034103;0.039169;-1.180695
1600601984.403418;0.063705;-0.026260;-1.044891
1600601984.422827;0.042511;-0.060669;-0.925339
1600601984.442267;0.003601;-0.095444;-0.860489
1600601984.461676;-0.018570;-0.138489;-0.850861
1600601984.481085;-0.040482;-0.121735;-0.890533
1600601984.500525;-0.043793;-0.083847;-0.959778
1600601984.519934;-0.030014;-0.047806;-1.015427
1600601984.539343;0.012009;-0.043961;-1.040268
1600601984.558753;0.061737;-0.042679;-1.044830
1600601984.578192;0.076370;-0.042160;-1.021912
1600601984.597601;0.077713;-0.049438;-0.991516
1600601984.617041;0.068695;-0.075745;-0.958923
1600601984.636450;0.038239;-0.101456;-0.945969
1600601984.655859;0.017166;-0.112717;-0.944901
1600601984.675299;0.024261;-0.123306;-0.945267
1600601984.694708;0.043793;-0.122131;-0.929077
1600601984.714118;0.053299;-0.128937;-0.913712
1600601984.733557;0.048065;-0.141129;-0.901367
1600601984.752966;0.035873;-0.163193;-0.904037
1600601984.772376;0.042725;-0.178192;-0.909561
1600601984.791815;0.051529;-0.188644;-0.908417
1600601984.811224;0.048279;-0.200363;-0.902008
1600601984.830664;0.043747;-0.216965;-0.915009
1600601984.850073;0.059250;-0.219971;-0.948395
1600601984.869483;0.066849;-0.198807;-0.986893
1600601984.888922;0.078659;-0.186295;-1.028351
1600601984.908331;0.091492;-0.175674;-1.050110
1600601984.927771;0.081345;-0.161926;-1.064545
1600601984.947180;0.077499;-0.151367;-1.050049
1600601984.966589;0.084747;-0.167679;-1.014267
1600601984.986029;0.106537;-0.169876;-0.979492
1600601985.005438;0.111069;-0.160995;-0.970062
1600601985.024878;0.083725;-0.156830;-0.980026
1600601985.044287;0.055283;-0.141281;-1.003494
1600601985.063696;0.009216;-0.121124;-1.009674
1600601985.083136;-0.033051;-0.072403;-1.035904
1600601985.102513;-0.046539;-0.059189;-1.106674
1600601985.121953;-0.046463;-0.044510;-1.134811
1600601985.141361;-0.070480;-0.055969;-1.101761
1600601985.160802;-0.103516;-0.076324;-0.998840
1600601985.180211;-0.132523;-0.086853;-0.902817
1600601985.199651;-0.115814;-0.104095;-0.869629
1600601985.219059;-0.106537;-0.112411;-0.894821
1600601985.238500;-0.103149;-0.087662;-0.917755
1600601985.257909;-0.108765;-0.088425;-0.915909
1600601985.277348;-0.099548;-0.085129;-0.897369
1600601985.296757;-0.067154;-0.089615;-0.904480
1600601985.316196;-0.036987;-0.072617;-0.944504
1600601985.335607;-0.019806;-0.077438;-0.987564
1600601985.355016;-0.022125;-0.089340;-0.972626
1600601985.374454;-0.040680;-0.116730;-0.923599
1600601985.393865;-0.064407;-0.132217;-0.883286
1600601985.413304;-0.062042;-0.149185;-0.874146
1600601985.432713;-0.049896;-0.157883;-0.894699
1600601985.452152;-0.053909;-0.157684;-0.914856
1600601985.471561;-0.068512;-0.164322;-0.913116
1600601985.491002;-0.078232;-0.172287;-0.895416
1600601985.510411;-0.071304;-0.163345;-0.886505
1600601985.529819;-0.057861;-0.162659;-0.906296
1600601985.549260;-0.038452;-0.160889;-0.941315
1600601985.568669;-0.036652;-0.153320;-0.966095
1600601985.588109;-0.043594;-0.147141;-0.985184
1600601985.607517;-0.064270;-0.134949;-1.009811
1600601985.626958;-0.077393;-0.127899;-1.052231
1600601985.646367;-0.081528;-0.118622;-1.101105
1600601985.665807;-0.086731;-0.110611;-1.129013
1600601985.685215;-0.105789;-0.082642;-1.112015
1600601985.704625;-0.095078;-0.092590;-1.067215
1600601985.724065;-0.081360;-0.119461;-1.032822
1600601985.743474;-0.077118;-0.102356;-1.023575
1600601985.762882;-0.051086;-0.113022;-1.034973
1600601985.782323;-0.024719;-0.101196;-1.044754
1600601985.801732;-0.022705;-0.074051;-1.040863
1600601985.821141;-0.030090;-0.054031;-1.033127
1600601985.840580;-0.042343;-0.020432;-1.061020
1600601985.859990;-0.016479;0.004654;-1.111893
1600601985.879399;0.032028;-0.002884;-1.143845
1600601985.898839;0.017776;-0.000534;-1.123245
1600601985.918247;0.018600;-0.021851;-1.014114
1600601985.937657;0.000183;-0.047989;-0.898529
1600601985.957066;-0.008896;-0.056900;-0.841797
1600601985.976506;0.000214;-0.100327;-0.849854
1600601985.995914;0.009537;-0.108963;-0.878464
1600601986.015325;0.007523;-0.098709;-0.912140
1600601986.034764;-0.012711;-0.077606;-0.957169
1600601986.054173;-0.008041;-0.072495;-0.995422
1600601986.073583;0.013611;-0.067352;-1.024170
1600601986.092980;0.026413;-0.071823;-1.030716
1600601986.112389;0.017807;-0.080917;-1.004150
1600601986.131829;0.006424;-0.084122;-0.974716
1600601986.151238;0.012650;-0.109406;-0.942474
1600601986.170648;0.016296;-0.130173;-0.899704
1600601986.190087;0.009171;-0.141495;-0.865463
1600601986.209496;-0.009277;-0.135239;-0.858337
1600601986.228906;-0.007645;-0.157684;-0.877350
1600601986.248345;0.011963;-0.167252;-0.910980
1600601986.267754;0.003357;-0.162018;-0.933197
1600601986.287164;-0.010284;-0.171509;-0.938522
1600601986.306603;-0.018143;-0.178131;-0.937729
1600601986.326013;-0.027512;-0.190140;-0.940613
1600601986.345422;-0.028351;-0.197830;-0.943619
1600601986.364831;-0.029190;-0.204163;-0.945999
1600601986.384271;-0.039032;-0.194519;-0.955017
1600601986.403680;-0.036728;-0.187195;-0.962936
1600601986.423089;-0.019562;-0.178467;-0.970612
1600601986.442529;-0.006226;-0.148865;-0.988037
1600601986.461938;-0.009232;-0.135635;-1.026611
1600601986.481347;-0.003204;-0.133682;-1.050140
1600601986.500756;0.018173;-0.151337;-1.033646
1600601986.520196;0.016342;-0.141556;-0.999191
1600601986.539605;0.005554;-0.158279;-0.973923
1600601986.559014;-0.003784;-0.180328;-0.942856
1600601986.578454;-0.048996;-0.148483;-0.913040
1600601986.597863;-0.089508;-0.082840;-0.953964
1600601986.617272;-0.118622;-0.045319;-1.080688
1600601986.636712;-0.090576;-0.017212;-1.200836
1600601986.656121;-0.049591;-0.024948;-1.220779
1600601986.675530;-0.065857;-0.017792;-1.101135
1600601986.694970;-0.120422;-0.052460;-0.962585
1600601986.714379;-0.161591;-0.074478;-0.879425
1600601986.733788;-0.167145;-0.119644;-0.866135
1600601986.753228;-0.165649;-0.110458;-0.901733
1600601986.772637;-0.171875;-0.080582;-0.956421
1600601986.792046;-0.156540;-0.080963;-0.988144
1600601986.811456;-0.143417;-0.078918;-0.997757
1600601986.830895;-0.123611;-0.077164;-0.989899
1600601986.850305;-0.094299;-0.081299;-0.985672
1600601986.869714;-0.077026;-0.086761;-0.982285
1600601986.889153;-0.093323;-0.094986;-0.967911
1600601986.908563;-0.108994;-0.109955;-0.938889
1600601986.927972;-0.118179;-0.127014;-0.908295
1600601986.947381;-0.116440;-0.140854;-0.886139
1600601986.966821;-0.090546;-0.148026;-0.893997
1600601986.986230;-0.082794;-0.125519;-0.921356
1600601987.005639;-0.091492;-0.125183;-0.944107
1600601987.025079;-0.091690;-0.127090;-0.947159
1600601987.044488;-0.087326;-0.110641;-0.934174
1600601987.063897;-0.077759;-0.106598;-0.931305
1600601987.083306;-0.059601;-0.127686;-0.941818
1600601987.102728;-0.053009;-0.134964;-0.954865
1600601987.122137;-0.053131;-0.139786;-0.964142
1600601987.141546;-0.057449;-0.146011;-0.971115
1600601987.160986;-0.063446;-0.152100;-0.981323
1600601987.180395;-0.053421;-0.154129;-0.986053
1600601987.199804;-0.053162;-0.162766;-0.994827
1600601987.219214;-0.063156;-0.163132;-0.995804
1600601987.238653;-0.071671;-0.164719;-0.985947
1600601987.258062;-0.076248;-0.147018;-0.979919
1600601987.277472;-0.076187;-0.113220;-0.985977
1600601987.296911;-0.044083;-0.135971;-0.974136
1600601987.316320;-0.005508;-0.152267;-0.965485
1600601987.335730;0.009506;-0.160355;-0.960892
1600601987.355169;0.009384;-0.177170;-0.958847
1600601987.374579;-0.043152;-0.137024;-0.966385
1600601987.393988;-0.103210;-0.045105;-1.057449
1600601987.413397;-0.072220;-0.019135;-1.167999
1600601987.432837;0.014954;-0.014664;-1.235825
1600601987.452246;0.040298;-0.000244;-1.214905
1600601987.471655;0.020493;-0.028824;-1.122238
1600601987.491095;-0.033585;-0.053696;-1.009430
1600601987.510504;-0.078461;-0.048050;-0.950180
1600601987.529913;-0.072296;-0.049103;-0.963379
1600601987.549322;-0.035599;-0.051300;-1.010345
1600601987.568762;-0.014954;-0.045410;-1.043854
1600601987.588171;-0.017075;-0.056976;-1.019180
1600601987.607580;-0.026474;-0.065674;-0.972382
1600601987.626989;-0.008514;-0.087631;-0.951553
1600601987.646429;0.025192;-0.088989;-0.966660
1600601987.665838;0.024155;-0.080780;-1.003754
1600601987.685247;0.001022;-0.092133;-1.016525
1600601987.704687;-0.004135;-0.118134;-0.988281
1600601987.724096;-0.005295;-0.131012;-0.933624
1600601987.743506;0.009201;-0.151169;-0.879120
1600601987.762945;0.013062;-0.157822;-0.844849
1600601987.782354;0.005783;-0.154800;-0.845963
1600601987.801764;0.005615;-0.161331;-0.884262
1600601987.821173;0.011536;-0.166855;-0.916138
1600601987.840612;0.012314;-0.157547;-0.921494
1600601987.860022;0.012939;-0.169846;-0.915329
1600601987.879431;-0.001404;-0.185150;-0.917130
1600601987.898871;0.008362;-0.199402;-0.915405
1600601987.918280;0.029709;-0.195282;-0.927628
1600601987.937689;0.046417;-0.194107;-0.940826
1600601987.957129;0.066452;-0.195328;-0.950912
1600601987.976538;0.065628;-0.184372;-0.962860
1600601987.995947;0.072678;-0.184830;-0.987061
1600601988.015387;0.074280;-0.175751;-1.028046
1600601988.034796;0.072098;-0.148514;-1.067276
1600601988.054205;0.080399;-0.141418;-1.085632
1600601988.073614;0.087799;-0.149704;-1.073059
1600601988.093008;0.086014;-0.159973;-1.030380
1600601988.112417;0.065659;-0.129440;-0.989319
1600601988.131826;0.050705;-0.124496;-0.981140
1600601988.151235;0.066025;-0.147415;-0.992966
1600601988.170675;0.029160;-0.104568;-1.000900
1600601988.190084;-0.021774;-0.070938;-1.023499
1600601988.209493;-0.057327;-0.045090;-1.066895
1600601988.228933;-0.046814;-0.043625;-1.089111
1600601988.248342;-0.018646;-0.044037;-1.073441
1600601988.267752;-0.003510;-0.068970;-0.986465
1600601988.287161;-0.019531;-0.087616;-0.883682
1600601988.306600;-0.052963;-0.116989;-0.842224
1600601988.326010;-0.080322;-0.144379;-0.855652
1600601988.345419;-0.114624;-0.123917;-0.889954
1600601988.364858;-0.115173;-0.115204;-0.914413
1600601988.384268;-0.099228;-0.097275;-0.942001
1600601988.403677;-0.069839;-0.078568;-0.978943
1600601988.423116;-0.035568;-0.088715;-1.020599
1600601988.442526;-0.016861;-0.086075;-1.035446
1600601988.461935;-0.020599;-0.084778;-1.016022
1600601988.481375;-0.039780;-0.114655;-0.965851
1600601988.500784;-0.074829;-0.140259;-0.922623
1600601988.520193;-0.093018;-0.172394;-0.889267
1600601988.539602;-0.096436;-0.188782;-0.854431
1600601988.559042;-0.100830;-0.186279;-0.847488
1600601988.578451;-0.095123;-0.177521;-0.870148
1600601988.597860;-0.085938;-0.166214;-0.896317
1600601988.617300;-0.067825;-0.167770;-0.919586
1600601988.636709;-0.051880;-0.161560;-0.947479
1600601988.656118;-0.044525;-0.153793;-0.959885
1600601988.675527;-0.036835;-0.163116;-0.969101
1600601988.694967;-0.039764;-0.167236;-0.970367
1600601988.714376;-0.049408;-0.166275;-0.972412
1600601988.733785;-0.050827;-0.159012;-0.992264
1600601988.753225;-0.063354;-0.145218;-1.024567
1600601988.772634;-0.067947;-0.137222;-1.056091
1600601988.792043;-0.069595;-0.128983;-1.072800
1600601988.811483;-0.066162;-0.114075;-1.085693
1600601988.830892;-0.056747;-0.141159;-1.065155
1600601988.850302;-0.052170;-0.138748;-1.009109
1600601988.869741;-0.046814;-0.133133;-0.982285
1600601988.889150;-0.025421;-0.133026;-1.021027
1600601988.908560;-0.011917;-0.093613;-1.062363
1600601988.927999;-0.033905;-0.042572;-1.115433
1600601988.947408;-0.043427;-0.014603;-1.178177
1600601988.966818;-0.005417;0.001770;-1.206528
1600601988.986257;0.044037;0.002090;-1.179886
1600601989.005667;0.052200;-0.032349;-1.091049
1600601989.025076;0.014496;-0.034866;-1.000977
1600601989.044515;-0.009125;-0.064560;-0.934662
1600601989.063925;-0.013214;-0.070786;-0.918716
1600601989.083334;-0.018219;-0.106918;-0.921844
1600601989.102713;-0.020950;-0.118301;-0.911987
1600601989.122153;-0.025330;-0.114822;-0.897385
1600601989.141562;-0.022812;-0.088196;-0.907791
1600601989.160971;-0.005157;-0.078552;-0.952133
1600601989.180411;0.029755;-0.060120;-0.993088
1600601989.199820;0.042130;-0.061798;-0.990021
1600601989.219229;0.039505;-0.084717;-0.945847
1600601989.238669;0.016571;-0.111404;-0.889069
1600601989.258078;0.001129;-0.137421;-0.879669
1600601989.277487;0.011169;-0.157837;-0.875031
1600601989.296927;0.018677;-0.164536;-0.878448
1600601989.316336;0.023102;-0.176483;-0.880310
1600601989.335745;0.026001;-0.196533;-0.879425
1600601989.355185;0.019058;-0.199631;-0.883835
1600601989.374594;0.024490;-0.211807;-0.890717
1600601989.394003;0.030472;-0.212875;-0.900238
1600601989.413443;0.026489;-0.210190;-0.908371
1600601989.432852;0.037979;-0.205765;-0.922455
1600601989.452261;0.044266;-0.205460;-0.940704
1600601989.471701;0.032471;-0.192612;-0.971405
1600601989.491110;0.022507;-0.170242;-1.018585
1600601989.510519;0.025742;-0.142410;-1.081146
1600601989.529959;0.052963;-0.111633;-1.132446
1600601989.549368;0.079163;-0.102722;-1.130890
1600601989.568808;0.094711;-0.127487;-1.054138
1600601989.588217;0.062988;-0.130951;-0.999252
1600601989.607626;-0.001755;-0.147018;-1.008362
1600601989.627066;-0.037964;-0.167847;-1.005981
1600601989.646475;-0.068512;-0.139694;-1.001984
1600601989.665915;-0.142670;-0.077362;-1.002289
1600601989.685324;-0.091446;-0.059601;-1.082047
1600601989.704733;-0.039108;-0.047424;-1.134354
1600601989.724173;-0.032730;-0.044006;-1.084488
1600601989.743582;-0.065491;-0.054642;-0.984726
1600601989.762991;-0.110535;-0.079056;-0.915909
1600601989.782431;-0.107391;-0.095261;-0.861053
1600601989.801840;-0.099716;-0.131012;-0.872177
1600601989.821249;-0.099243;-0.088242;-0.936234
1600601989.840689;-0.089828;-0.071487;-1.004807
1600601989.860098;-0.060074;-0.071945;-1.034103
1600601989.879507;-0.028519;-0.081146;-1.017807
1600601989.898947;-0.022079;-0.095230;-0.976379
1600601989.918356;-0.020905;-0.121002;-0.933044
1600601989.937796;-0.034592;-0.133316;-0.897522
1600601989.957205;-0.039566;-0.151230;-0.878616
1600601989.976614;-0.044189;-0.165482;-0.879333
1600601989.996054;-0.059708;-0.175568;-0.887436
1600601990.015463;-0.070328;-0.181900;-0.888718
1600601990.034872;-0.080444;-0.181747;-0.883163
1600601990.054312;-0.066864;-0.184982;-0.874298
1600601990.073721;-0.042877;-0.176788;-0.895493
1600601990.093122;-0.021362;-0.173645;-0.907150
1600601990.112531;-0.004150;-0.178329;-0.923950
1600601990.131940;-0.009216;-0.174820;-0.946136
1600601990.151380;-0.033020;-0.181808;-0.958481
1600601990.170789;-0.049942;-0.180283;-0.967392
1600601990.190198;-0.058517;-0.178299;-0.983795
1600601990.209638;-0.090942;-0.181229;-0.999100
1600601990.229047;-0.108688;-0.165741;-1.051468
1600601990.248487;-0.084641;-0.127975;-1.078781
1600601990.267896;-0.038177;-0.146591;-1.069077
1600601990.287305;-0.010284;-0.145416;-1.025467
1600601990.306745;-0.020844;-0.111694;-1.007278
1600601990.326154;-0.023254;-0.112610;-1.033859
1600601990.345563;-0.019699;-0.087112;-1.098999
1600601990.365003;-0.019226;-0.038315;-1.163330
1600601990.384412;-0.014801;-0.007339;-1.187256
1600601990.403821;-0.010025;-0.010132;-1.174316
1600601990.423261;0.014877;-0.024109;-1.116913
1600601990.442670;0.000366;-0.043259;-1.022049
1600601990.462079;-0.001999;-0.061890;-0.934509
1600601990.481489;-0.008469;-0.083130;-0.887802
1600601990.500928;-0.027893;-0.088745;-0.869354
1600601990.520338;-0.037384;-0.104385;-0.889023
1600601990.539747;-0.035355;-0.102890;-0.913116
1600601990.559186;-0.035278;-0.083710;-0.933762
1600601990.578596;-0.033035;-0.051590;-0.960938
1600601990.598005;-0.009888;-0.046585;-0.994522
1600601990.617414;0.028748;-0.053986;-1.000793
1600601990.636854;0.031815;-0.066071;-0.966766
1600601990.656263;0.007050;-0.088089;-0.925674
1600601990.675672;-0.021149;-0.103256;-0.896164
1600601990.695081;-0.019363;-0.120773;-0.894211
1600601990.714521;-0.005249;-0.136444;-0.894226
1600601990.733930;-0.004623;-0.149490;-0.892456
1600601990.753339;-0.022247;-0.154694;-0.873016
1600601990.772779;-0.028000;-0.166382;-0.856949
1600601990.792188;-0.020142;-0.166702;-0.861130
1600601990.811597;-0.006104;-0.159073;-0.891861
1600601990.831037;0.012985;-0.161316;-0.951675
1600601990.850446;0.028229;-0.166443;-0.994965
1600601990.869855;0.039169;-0.171036;-1.007477
1600601990.889295;0.033768;-0.173416;-1.000732
1600601990.908704;0.009949;-0.147507;-1.037277
1600601990.928113;0.010223;-0.109146;-1.115631
1600601990.947553;0.036835;-0.091980;-1.169922
1600601990.966962;0.044968;-0.106033;-1.170410
1600601990.986371;0.057327;-0.151077;-1.095245
1600601991.005811;0.020187;-0.156158;-1.029388
1600601991.025220;-0.008057;-0.087341;-1.010010
1600601991.044630;0.009491;-0.130783;-1.009354
1600601991.064069;-0.004944;-0.056229;-1.017242
1600601991.083478;-0.030472;-0.017563;-1.037964
1600601991.102902;-0.019836;-0.026245;-1.045776
1600601991.122311;0.003387;-0.034821;-1.021957
1600601991.141751;0.000946;-0.039719;-0.983398
1600601991.161160;-0.031540;-0.044449;-0.944885
1600601991.180600;-0.062408;-0.028534;-0.919724
1600601991.200009;-0.061020;-0.040390;-0.936111
1600601991.219418;-0.047729;-0.043030;-0.981125
1600601991.238858;-0.027191;-0.020325;-1.027908
1600601991.258267;0.000336;-0.024902;-1.023056
1600601991.277707;-0.022217;-0.008560;-0.981491
1600601991.297116;-0.027512;-0.043503;-0.936386
1600601991.316556;-0.030182;-0.068268;-0.901367
1600601991.335965;-0.039688;-0.076599;-0.872406
1600601991.355374;-0.030090;-0.072754;-0.879181
1600601991.374814;-0.022171;-0.092575;-0.898987
1600601991.394223;-0.042953;-0.103714;-0.888733
1600601991.413632;-0.074402;-0.118210;-0.873123
1600601991.433072;-0.065948;-0.124649;-0.886810
1600601991.452481;-0.035706;-0.115829;-0.926208
1600601991.471890;-0.031113;-0.113113;-0.929733
1600601991.491330;-0.052551;-0.109451;-0.932724
1600601991.510739;-0.041367;-0.122086;-0.933807
1600601991.530148;-0.029587;-0.117996;-0.945724
1600601991.549588;-0.015259;-0.099960;-0.989502
1600601991.568997;0.001404;-0.085449;-1.039673
1600601991.588406;0.013550;-0.089828;-1.066589
1600601991.607815;-0.015198;-0.055908;-1.092789
1600601991.627255;-0.066711;-0.042007;-1.136032
1600601991.646664;-0.068512;-0.028885;-1.175888
1600601991.666073;-0.045624;-0.044327;-1.147385
1600601991.685483;-0.000702;-0.056625;-1.070877
1600601991.704922;0.050552;-0.073929;-1.013016
1600601991.724332;0.053848;-0.086212;-1.002777
1600601991.743741;0.050842;-0.098511;-0.987473
1600601991.763150;0.005844;-0.046417;-0.969040
1600601991.782590;-0.024628;-0.010254;-0.998505
1600601991.801999;-0.033035;0.048767;-1.074112
1600601991.821408;0.014648;0.041840;-1.125183
1600601991.840817;0.065338;-0.010956;-1.089279
1600601991.860257;0.055359;-0.022720;-0.984253
1600601991.879666;0.031189;-0.041138;-0.910568
1600601991.899075;0.029114;-0.053680;-0.899918
1600601991.918515;0.028839;-0.045547;-0.931625
1600601991.937924;0.019333;-0.040649;-0.973022
1600601991.957333;0.009064;-0.032852;-0.970200
1600601991.976773;0.013428;-0.030853;-0.947845
1600601991.996182;0.041931;-0.023987;-0.944473
1600601992.015591;0.068848;-0.040710;-0.949326
1600601992.035031;0.065826;-0.042770;-0.939621
1600601992.054440;0.029755;-0.060272;-0.927536
1600601992.073849;-0.002838;-0.082520;-0.921539
1600601992.093240;-0.013397;-0.094543;-0.927444
1600601992.112649;-0.001587;-0.101776;-0.930801
1600601992.132058;0.001343;-0.097885;-0.930389
1600601992.151468;0.010376;-0.109818;-0.919846
1600601992.170907;0.006882;-0.123749;-0.903137
1600601992.190316;-0.008530;-0.130554;-0.890610
1600601992.209726;-0.000748;-0.156082;-0.882095
1600601992.229165;0.001846;-0.156052;-0.889923
1600601992.248575;0.014069;-0.151138;-0.919540
1600601992.267984;0.023636;-0.149826;-0.959763
1600601992.287423;0.035614;-0.134827;-0.973175
1600601992.306833;0.058884;-0.122482;-0.977966
1600601992.326242;0.083633;-0.097687;-1.001862
1600601992.345681;0.095810;-0.060303;-1.047531
1600601992.365091;0.077789;-0.064392;-1.087784
1600601992.384530;0.046585;-0.081604;-1.118195
1600601992.403940;-0.029816;-0.050949;-1.143097
1600601992.423349;-0.032990;-0.050964;-1.155609
1600601992.442758;-0.014679;-0.049850;-1.147873
1600601992.462198;-0.020050;-0.021423;-1.154129
1600601992.481607;-0.014374;-0.015793;-1.145782
1600601992.501016;-0.037460;0.002365;-1.129349
1600601992.520425;-0.029816;-0.030533;-1.070938
1600601992.539865;-0.040955;-0.046829;-0.977463
1600601992.559274;-0.073868;-0.044724;-0.871048
1600601992.578683;-0.085922;-0.061401;-0.824142
1600601992.598092;-0.096054;-0.071075;-0.841507
1600601992.617532;-0.103546;-0.060822;-0.888519
1600601992.636941;-0.106964;-0.030075;-0.945267
1600601992.656350;-0.091446;-0.011307;-0.981308
1600601992.675790;-0.047104;-0.020401;-1.003906
1600601992.695199;-0.019180;-0.040070;-0.988770
1600601992.714608;-0.011307;-0.046844;-0.945419
1600601992.734018;-0.023087;-0.050537;-0.900085
1600601992.753457;-0.035873;-0.059814;-0.866547
1600601992.772867;-0.040802;-0.085358;-0.863388
1600601992.792276;-0.044800;-0.105530;-0.873688
1600601992.811715;-0.054810;-0.111618;-0.887833
1600601992.831125;-0.065460;-0.117142;-0.890244
1600601992.850534;-0.055969;-0.106873;-0.893295
1600601992.869973;-0.047882;-0.085663;-0.899597
1600601992.889383;-0.029770;-0.078033;-0.915131
1600601992.908792;-0.004242;-0.088669;-0.957321
1600601992.928232;0.001099;-0.073349;-0.982208
1600601992.947641;0.004913;-0.088562;-0.986115
1600601992.967050;-0.002106;-0.082504;-1.004532
1600601992.986490;-0.013229;-0.068024;-1.049698
1600601993.005899;-0.019852;-0.046143;-1.092667
1600601993.025308;-0.060486;-0.026123;-1.144531
1600601993.044748;-0.092422;-0.020203;-1.176453
1600601993.064157;-0.057190;-0.044937;-1.168503
1600601993.083566;-0.003616;-0.068069;-1.104675
1600601993.102966;-0.018768;-0.054916;-1.031296
1600601993.122375;0.002945;-0.094955;-1.008286
1600601993.141815;0.000793;-0.072372;-1.017105
1600601993.161224;-0.029053;-0.017593;-1.037308
1600601993.180633;-0.071014;0.050842;-1.106750
1600601993.200073;-0.062286;0.076263;-1.168030
1600601993.219482;0.006058;0.047668;-1.174225
1600601993.238891;0.035568;0.021103;-1.098328
1600601993.258331;0.031845;-0.009674;-0.971649
1600601993.277740;-0.001648;-0.027466;-0.912750
1600601993.297149;-0.024597;-0.038208;-0.891785
1600601993.316589;-0.027069;-0.058502;-0.921661
1600601993.335998;-0.031967;-0.041962;-0.960434
1600601993.355407;-0.023041;-0.041489;-0.961075
1600601993.374816;-0.006042;-0.039520;-0.940567
1600601993.394256;0.015717;-0.042847;-0.922195
1600601993.413665;0.024597;-0.064102;-0.905594
1600601993.433105;-0.002472;-0.088089;-0.883804
1600601993.452514;-0.018692;-0.101578;-0.861084
1600601993.471923;-0.022202;-0.099472;-0.841324
1600601993.491363;-0.019226;-0.113464;-0.838852
1600601993.510772;-0.018265;-0.127182;-0.862976
1600601993.530181;-0.015289;-0.133591;-0.882217
1600601993.549590;-0.010590;-0.142456;-0.890579
1600601993.569030;-0.019012;-0.130524;-0.882416
1600601993.588439;-0.028412;-0.135330;-0.897415
1600601993.607848;-0.023132;-0.145294;-0.938187
1600601993.627288;-0.011093;-0.159424;-0.967117
1600601993.646697;-0.013901;-0.154922;-0.970108
1600601993.666107;-0.028503;-0.134079;-0.963470
1600601993.685516;-0.022858;-0.139679;-0.968353
1600601993.704955;-0.015839;-0.137833;-0.989578
1600601993.724365;-0.027985;-0.102737;-1.043289
1600601993.743774;-0.021774;-0.072174;-1.080551
1600601993.763213;0.009125;-0.089554;-1.074707
1600601993.782623;-0.014023;-0.087311;-1.039520
1600601993.802032;-0.058212;-0.081833;-1.013397
1600601993.821472;-0.070145;-0.097610;-0.993362
1600601993.840881;-0.076797;-0.065933;-1.026840
1600601993.860290;-0.067963;-0.035355;-1.092499
1600601993.879730;-0.043060;0.004349;-1.182587
1600601993.899139;0.003296;-0.003464;-1.206619
1600601993.918548;0.007919;-0.020081;-1.153381
1600601993.937957;-0.045959;-0.034210;-1.035461
1600601993.957397;-0.087555;-0.072464;-0.953644
1600601993.976806;-0.097443;-0.084793;-0.919373
1600601993.996215;-0.122025;-0.075134;-0.940460
1600601994.015655;-0.143707;-0.042755;-0.994614
1600601994.035064;-0.140976;-0.045135;-1.037766
1600601994.054473;-0.096664;-0.051376;-1.040634
1600601994.073913;-0.066589;-0.053207;-1.003845
1600601994.093322;-0.068909;-0.066681;-0.935181
1600601994.112720;-0.066147;-0.097458;-0.871445
1600601994.132129;-0.070465;-0.118805;-0.817947
1600601994.151570;-0.071167;-0.144669;-0.788010
1600601994.170979;-0.104141;-0.153366;-0.792709
1600601994.190388;-0.118256;-0.162430;-0.823792
1600601994.209828;-0.116440;-0.170959;-0.840027
1600601994.229237;-0.125885;-0.154907;-0.858368
1600601994.248646;-0.128067;-0.148468;-0.912582
1600601994.268055;-0.095261;-0.156113;-0.960449
1600601994.287495;-0.064957;-0.158783;-0.943130
1600601994.306905;-0.065781;-0.176804;-0.900497
1600601994.326313;-0.090073;-0.198456;-0.910461
1600601994.345722;-0.095398;-0.203094;-0.964035
1600601994.365163;-0.092026;-0.189896;-1.022079
1600601994.384572;-0.092026;-0.177750;-1.070816
1600601994.403980;-0.141724;-0.123306;-1.114243
1600601994.423420;-0.165421;-0.088211;-1.151825
1600601994.442830;-0.131058;-0.088638;-1.110016
1600601994.462239;-0.050659;-0.101135;-1.008118
1600601994.481678;-0.060257;-0.092468;-0.940994
1600601994.501088;-0.068649;-0.079895;-0.917236
1600601994.520497;-0.115829;-0.020203;-0.982742
1600601994.539937;-0.137085;0.057724;-1.078079
1600601994.559345;-0.069199;0.071487;-1.161728
1600601994.578755;-0.005844;0.085785;-1.185684
1600601994.598195;0.037582;0.060593;-1.131790
1600601994.617604;-0.005905;0.053391;-1.065567
1600601994.637012;-0.052429;0.043701;-1.046783
1600601994.656453;-0.044952;0.002426;-1.057312
1600601994.675862;-0.037918;-0.017151;-1.022751
1600601994.695271;-0.039902;-0.022537;-0.961044
1600601994.714710;-0.022537;-0.020813;-0.904953
1600601994.734120;0.005844;-0.026245;-0.899963
1600601994.753529;0.008881;-0.020477;-0.936157
1600601994.772969;-0.000854;0.003738;-0.983551
1600601994.792377;-0.005203;0.002762;-0.990295
1600601994.811818;-0.005371;-0.011642;-0.954773
1600601994.831227;-0.015854;-0.020782;-0.913116
1600601994.850636;-0.041565;-0.022430;-0.920334
1600601994.870075;-0.033554;-0.042572;-0.955032
1600601994.889485;-0.019043;-0.047577;-0.954453
1600601994.908894;-0.020676;-0.054153;-0.915421
1600601994.928334;-0.038895;-0.060379;-0.891647
1600601994.947742;-0.035568;-0.063873;-0.903915
1600601994.967152;-0.012466;-0.078323;-0.932785
1600601994.986562;0.001129;-0.081848;-0.951355
1600601995.006001;-0.002792;-0.094040;-0.937027
1600601995.025411;-0.016663;-0.092392;-0.926743
1600601995.044850;-0.023575;-0.110687;-0.917847
1600601995.064259;-0.023972;-0.138733;-0.914719
1600601995.083668;-0.022812;-0.144806;-0.918243
1600601995.103049;-0.032104;-0.133133;-0.929123
1600601995.122488;-0.022018;-0.139374;-0.959091
1600601995.141898;-0.027847;-0.122757;-0.987213
1600601995.161307;-0.020584;-0.112396;-0.988251
1600601995.180747;-0.005463;-0.080597;-1.004883
1600601995.200156;0.010330;-0.049408;-1.066574
1600601995.219595;0.050217;-0.065643;-1.114014
1600601995.239005;0.044800;-0.073898;-1.119858
1600601995.258414;-0.035965;-0.031479;-1.099152
1600601995.277823;-0.052612;-0.032303;-1.083008
1600601995.297263;-0.078583;0.004669;-1.106598
1600601995.316672;-0.083832;0.070496;-1.175766
1600601995.336081;-0.040466;0.001236;-1.154266
1600601995.355490;-0.054504;-0.024765;-1.056885
1600601995.374930;-0.095795;-0.045090;-0.958939
1600601995.394339;-0.114319;-0.049271;-0.908142
1600601995.413748;-0.080582;-0.068115;-0.879028
1600601995.433188;-0.069626;-0.059326;-0.907959
1600601995.452597;-0.095810;-0.043839;-0.987518
1600601995.472006;-0.131943;-0.023071;-1.072083
1600601995.491446;-0.109604;-0.017563;-1.113754
1600601995.510855;-0.052261;-0.037140;-1.099182
1600601995.530264;-0.042480;-0.045502;-1.009430
1600601995.549704;-0.062454;-0.090668;-0.897873
1600601995.569113;-0.110107;-0.114563;-0.832184
1600601995.588522;-0.132629;-0.120636;-0.821533
1600601995.607962;-0.114120;-0.136795;-0.842117
1600601995.627371;-0.086136;-0.124664;-0.866119
1600601995.646780;-0.074005;-0.118195;-0.887497
1600601995.666220;-0.065186;-0.121918;-0.905807
1600601995.685629;-0.073563;-0.102859;-0.927444
1600601995.705069;-0.067352;-0.111984;-0.948547
1600601995.724478;-0.050934;-0.113831;-0.970093
1600601995.743887;-0.055237;-0.106903;-0.960739
1600601995.763327;-0.063492;-0.124680;-0.931458
1600601995.782736;-0.064270;-0.144867;-0.903641
1600601995.802145;-0.052444;-0.143021;-0.921555
1600601995.821585;-0.050064;-0.122757;-0.976303
1600601995.840994;-0.048782;-0.113693;-1.042145
1600601995.860403;-0.048477;-0.107651;-1.080109
1600601995.879843;-0.087662;-0.073700;-1.079575
1600601995.899252;-0.073669;-0.078934;-1.051910
1600601995.918662;0.001511;-0.114517;-0.990158
1600601995.938101;0.022659;-0.082184;-0.958099
1600601995.957510;0.023514;-0.079758;-0.985413
1600601995.976920;0.044357;-0.092697;-1.031998
1600601995.996359;0.000458;-0.047760;-1.063095
1600601996.015768;-0.053757;-0.037964;-1.081131
1600601996.035208;-0.119766;-0.001831;-1.113922
1600601996.054617;-0.092926;-0.001190;-1.139557
1600601996.074027;-0.030670;-0.041641;-1.111542
1600601996.093436;0.000854;-0.044006;-1.038986
1600601996.112820;-0.011002;-0.047501;-0.979874
1600601996.132230;-0.037354;-0.049255;-0.958862
1600601996.151639;-0.044739;-0.065659;-0.969391
1600601996.171078;-0.025314;-0.060562;-0.988632
1600601996.190488;-0.014160;-0.044724;-0.982010
1600601996.209897;-0.005539;-0.040146;-0.971893
1600601996.229306;0.006607;-0.018112;-0.980194
1600601996.248746;0.041458;-0.026459;-1.001709
1600601996.268155;0.053192;-0.032074;-1.012085
1600601996.287564;0.026871;-0.030563;-0.969757
1600601996.307004;-0.011322;-0.033768;-0.917328
1600601996.326413;-0.025360;-0.041824;-0.876343
1600601996.345822;-0.004532;-0.062363;-0.849564
1600601996.365262;-0.008148;-0.056946;-0.845215
1600601996.384671;-0.021301;-0.060440;-0.865433
1600601996.404080;-0.027252;-0.076874;-0.873611
1600601996.423520;-0.048233;-0.084763;-0.886887
1600601996.442929;-0.048599;-0.112930;-0.908325
1600601996.462338;-0.041885;-0.112991;-0.938843
1600601996.481747;-0.026520;-0.118607;-0.956818
1600601996.501187;-0.015869;-0.121582;-0.972168
1600601996.520596;-0.024445;-0.127518;-0.967010
1600601996.540005;-0.039902;-0.143188;-0.959442
1600601996.559445;-0.047745;-0.142776;-0.958038
1600601996.578854;-0.036209;-0.111664;-0.979126
1600601996.598264;-0.004211;-0.095383;-1.013550
1600601996.617703;0.062805;-0.122437;-1.039856
1600601996.637112;0.074707;-0.119705;-1.053177
1600601996.656522;0.021027;-0.057693;-1.058655
1600601996.675931;-0.015915;-0.044601;-1.062637
1600601996.695370;-0.077423;0.044662;-1.106903
1600601996.714780;-0.075455;0.072678;-1.178589
1600601996.734189;-0.016190;0.076904;-1.194595
1600601996.753629;0.014740;0.051224;-1.153366
1600601996.773038;-0.011490;0.010422;-1.045654
1600601996.792447;-0.110672;-0.025314;-0.942383
1600601996.811887;-0.141708;-0.044586;-0.876434
1600601996.831296;-0.143280;-0.086609;-0.871765
1600601996.850705;-0.149994;-0.059631;-0.883438
1600601996.870145;-0.142242;-0.043961;-0.932373
1600601996.889554;-0.113388;-0.027481;-1.024521
1600601996.908963;-0.061874;-0.015289;-1.085312
1600601996.928372;-0.041336;-0.018646;-1.097076
1600601996.947812;-0.063934;-0.020737;-1.043518
1600601996.967221;-0.084412;-0.043976;-0.957687
1600601996.986630;-0.093719;-0.057327;-0.892944
1600601997.006070;-0.088028;-0.075882;-0.858261
1600601997.025479;-0.090500;-0.098251;-0.864365
1600601997.044888;-0.098312;-0.099060;-0.877945
1600601997.064328;-0.098129;-0.101318;-0.895966
1600601997.083737;-0.089111;-0.093628;-0.898941
1600601997.103110;-0.077362;-0.095978;-0.896255
1600601997.122550;-0.075226;-0.105560;-0.916656
1600601997.141959;-0.068649;-0.110031;-0.947388
1600601997.161368;-0.065384;-0.109772;-0.973434
1600601997.180808;-0.074768;-0.117065;-0.965240
1600601997.200217;-0.082153;-0.141174;-0.954132
1600601997.219626;-0.066376;-0.152557;-0.956924
1600601997.239066;-0.046814;-0.145462;-0.975357
1600601997.258475;-0.047562;-0.151657;-1.018417
1600601997.277885;-0.059540;-0.133041;-1.069397
1600601997.297324;-0.048553;-0.119003;-1.092590
1600601997.316733;-0.039322;-0.105194;-1.068161
1600601997.336143;-0.023727;-0.112579;-1.017014
1600601997.355582;-0.002304;-0.143127;-0.962036
1600601997.374991;-0.001297;-0.124374;-0.944962
1600601997.394401;0.020615;-0.110443;-0.996307
1600601997.413810;0.034515;-0.070465;-1.073761
1600601997.433250;0.029266;-0.043915;-1.121292
1600601997.452659;-0.014221;-0.012787;-1.142456
1600601997.472068;-0.042725;0.005783;-1.136230
1600601997.491508;-0.019379;-0.022263;-1.094833
1600601997.510917;-0.012817;-0.045547;-1.031906
1600601997.530326;-0.007446;-0.057861;-0.976608
1600601997.549766;-0.013397;-0.078720;-0.933914
1600601997.569175;-0.029800;-0.096466;-0.921570
1600601997.588584;-0.046768;-0.096146;-0.938232
1600601997.608024;-0.053879;-0.092331;-0.965118
1600601997.627433;-0.043930;-0.077209;-0.991028
1600601997.646842;-0.019333;-0.068497;-0.992432
1600601997.666251;0.007767;-0.083740;-0.983917
1600601997.685691;0.010162;-0.107864;-0.954437
1600601997.705100;0.004395;-0.119446;-0.921204
1600601997.724509;-0.007278;-0.135483;-0.893890
1600601997.743949;-0.015808;-0.142502;-0.883484
1600601997.763358;-0.016464;-0.159912;-0.888412
1600601997.782767;-0.017365;-0.172058;-0.900482
1600601997.802207;-0.027466;-0.165161;-0.889847
1600601997.821616;-0.028915;-0.173462;-0.875351
1600601997.841025;-0.019470;-0.197403;-0.870682
1600601997.860465;-0.024429;-0.204041;-0.871399
1600601997.879874;-0.032776;-0.208557;-0.890472
1600601997.899283;-0.030655;-0.207291;-0.919403
1600601997.918723;-0.023422;-0.216537;-0.936234
1600601997.938132;-0.001495;-0.216110;-0.934204
1600601997.957541;0.004395;-0.196732;-0.951920
1600601997.976981;-0.001389;-0.171799;-0.985535
1600601997.996390;-0.017227;-0.154846;-1.040237
1600601998.015800;-0.019470;-0.148117;-1.108292
1600601998.035209;-0.004883;-0.089386;-1.143326
1600601998.054648;0.053665;-0.100449;-1.112396
1600601998.074058;0.076843;-0.145630;-1.056137
1600601998.093467;0.037216;-0.116837;-1.032867
1600601998.112879;0.043854;-0.178833;-1.030518
1600601998.132289;-0.031403;-0.148727;-1.052490
1600601998.151698;-0.152817;-0.066132;-1.061768
1600601998.171107;-0.162598;-0.048676;-1.089996
1600601998.190547;-0.085220;-0.044403;-1.116837
1600601998.209956;-0.020447;-0.030640;-1.126831
1600601998.229365;-0.006027;-0.042435;-1.080780
1600601998.248774;-0.036407;-0.044113;-1.003906
1600601998.268214;-0.068192;-0.049271;-0.936157
1600601998.287623;-0.080063;-0.070343;-0.909485
1600601998.307032;-0.064896;-0.091370;-0.920212
1600601998.326472;-0.093292;-0.064301;-0.947495
1600601998.345881;-0.077148;-0.093521;-0.954025
1600601998.365290;-0.081070;-0.132126;-0.925812
1600601998.384730;-0.105713;-0.149750;-0.891785
1600601998.404139;-0.109070;-0.163910;-0.885437
1600601998.423548;-0.098572;-0.156113;-0.894821
1600601998.442988;-0.080017;-0.140488;-0.902328
1600601998.462397;-0.052933;-0.134888;-0.918167
1600601998.481806;-0.034348;-0.134796;-0.924377
1600601998.501246;-0.027435;-0.140305;-0.914490
1600601998.520655;-0.026001;-0.155792;-0.893265
1600601998.540065;-0.022095;-0.166428;-0.866135
1600601998.559474;-0.025101;-0.183121;-0.854980
1600601998.578913;-0.023758;-0.202240;-0.861572
1600601998.598323;-0.017380;-0.221603;-0.872681
1600601998.617732;-0.001724;-0.232178;-0.883148
1600601998.637141;-0.009171;-0.242645;-0.904739
1600601998.656581;-0.018051;-0.246246;-0.944641
1600601998.675990;-0.019363;-0.245697;-0.970825
1600601998.695399;-0.035553;-0.256393;-0.991013
1600601998.714808;-0.062607;-0.234192;-0.999725
1600601998.734248;-0.067871;-0.239395;-1.005508
1600601998.753657;-0.075882;-0.212936;-1.000519
1600601998.773066;-0.062622;-0.208557;-0.983109
1600601998.792506;-0.040573;-0.179810;-0.950089
1600601998.811915;-0.040024;-0.156723;-0.948914
1600601998.831324;-0.044327;-0.139557;-0.997650
1600601998.850733;-0.049011;-0.109344;-1.081985
1600601998.870173;-0.046234;-0.085815;-1.148056
1600601998.889582;-0.034943;-0.059998;-1.164825
1600601998.908992;-0.042404;-0.051224;-1.140930
1600601998.928431;-0.049591;-0.043823;-1.108887
1600601998.947840;-0.041183;-0.066940;-1.070480
1600601998.967250;-0.030029;-0.064682;-1.029556
1600601998.986689;-0.031265;-0.074142;-0.990234
1600601999.006098;-0.041779;-0.076462;-0.968231
1600601999.025508;-0.028900;-0.089203;-0.981155
1600601999.044917;-0.023804;-0.077576;-1.014252
1600601999.064357;-0.026978;-0.052322;-1.040283
1600601999.083766;-0.018555;-0.061661;-1.038223
1600601999.103153;-0.034622;-0.049210;-1.019028
1600601999.122593;-0.037323;-0.056107;-1.000778
1600601999.142002;-0.029419;-0.064743;-0.983887
1600601999.161411;-0.031036;-0.088058;-0.951309
1600601999.180820;-0.029724;-0.084229;-0.928375
1600601999.200229;-0.042923;-0.101013;-0.903427
1600601999.219669;-0.038834;-0.126678;-0.894455
1600601999.239078;-0.031540;-0.126526;-0.855255
1600601999.258487;-0.037918;-0.136703;-0.844818
1600601999.277897;-0.029114;-0.144775;-0.871231
1600601999.297306;-0.023209;-0.153290;-0.892105
1600601999.316745;-0.009430;-0.157623;-0.905289
1600601999.336155;-0.015884;-0.158157;-0.921829
1600601999.355564;-0.010498;-0.166519;-0.938416
1600601999.375003;0.001846;-0.167435;-0.931274
1600601999.394413;0.006561;-0.171600;-0.915009
1600601999.413822;0.007050;-0.172333;-0.916122
1600601999.433231;0.025681;-0.166428;-0.956757
1600601999.452671;0.029800;-0.155411;-0.998825
1600601999.472080;0.009293;-0.134964;-1.026978
1600601999.491489;-0.002640;-0.126450;-1.021637
1600601999.510929;-0.010010;-0.125229;-1.009125
1600601999.530338;-0.003372;-0.164566;-0.990814
1600601999.549747;0.000366;-0.151398;-0.942230
1600601999.569156;0.023758;-0.181290;-0.941208
1600601999.588596;-0.027817;-0.174118;-0.913345
1600601999.608005;-0.112793;-0.108841;-0.962662
1600601999.627414;-0.156876;-0.051529;-1.130447
1600601999.646824;-0.078217;-0.043137;-1.273438
1600601999.666263;-0.022507;-0.047501;-1.300613
1600601999.685672;-0.049683;-0.027847;-1.206497
