timestamp;x (in microteslas);y (in microteslas);z (in microteslas)
1600601969.495486;104.526459;145.585678;-417.810791
1600601969.515444;104.338913;145.981506;-418.283508
1600601969.535403;104.904968;145.712997;-418.315735
1600601969.555361;105.423141;145.967819;-418.394867
1600601969.575320;105.680588;146.228210;-418.495361
1600601969.595278;104.965576;146.190109;-418.640778
1600601969.615237;104.820572;146.059662;-418.901031
1600601969.635195;105.428970;146.337357;-419.002258
1600601969.655154;105.876480;146.505768;-419.064636
1600601969.675112;105.765503;146.407501;-419.471008
1600601969.695071;104.952942;146.188980;-419.224609
1600601969.715060;104.996078;146.405838;-419.524048
1600601969.735049;105.194244;146.597336;-419.787598
1600601969.755007;105.003891;146.591095;-419.845398
1600601969.774966;105.853683;146.730743;-419.947266
1600601969.794924;104.961746;146.521637;-419.437317
1600601969.814883;104.904434;145.947952;-419.707764
1600601969.834841;104.929398;145.781372;-419.034302
1600601969.854800;105.675659;145.794907;-419.038391
1600601969.874758;105.359711;145.643188;-418.528412
1600601969.894717;104.600204;145.260727;-418.668640
1600601969.914675;104.905273;145.356079;-418.522827
1600601969.934634;104.526093;145.100723;-418.343445
1600601969.954592;104.680115;145.451447;-418.736328
1600601969.974551;105.163284;145.377441;-418.289124
1600601969.994509;104.400726;144.845657;-418.156738
1600601970.014468;104.474442;145.026260;-418.448120
1600601970.034426;104.165512;144.862045;-418.257904
1600601970.054385;104.701706;144.831650;-418.024109
1600601970.074318;104.890564;144.524719;-417.966492
1600601970.094277;103.840561;144.014206;-417.881226
1600601970.114266;103.897827;143.894958;-417.895081
1600601970.134224;103.509521;143.781967;-417.846832
1600601970.154183;103.918442;143.831848;-417.918274
1600601970.174141;104.258575;143.447586;-417.867828
1600601970.194100;103.682388;143.350616;-418.029785
1600601970.214058;103.438278;143.243301;-417.987213
1600601970.234017;103.021103;143.276138;-418.128784
1600601970.254006;103.010712;143.382706;-418.497437
1600601970.273934;103.340302;143.359406;-418.534424
1600601970.293892;103.310379;143.229660;-418.618591
1600601970.313851;102.951752;143.119690;-418.870148
1600601970.333809;102.569214;143.215622;-419.100464
1600601970.353768;102.730942;143.146301;-419.236938
1600601970.373726;103.052048;143.431396;-419.498840
1600601970.393685;102.608978;143.400803;-419.702515
1600601970.413674;103.195801;143.471695;-420.191040
1600601970.433602;103.090240;143.544037;-420.441223
1600601970.453560;102.843964;143.628036;-420.639801
1600601970.473519;103.500137;143.900635;-420.525269
1600601970.493477;103.426849;143.752075;-420.594604
1600601970.513436;103.501419;143.761795;-420.809265
1600601970.533394;102.793701;143.519119;-420.469421
1600601970.553353;103.367462;144.102615;-420.717468
1600601970.573311;104.759521;143.904755;-420.225250
1600601970.593270;103.483093;143.732529;-420.011841
1600601970.613228;104.350784;143.674866;-419.863953
1600601970.633187;104.217209;143.431732;-419.763916
1600601970.653145;104.270721;143.618240;-419.777252
1600601970.673104;104.913208;143.852127;-420.062744
1600601970.693062;104.334717;143.643265;-420.066162
1600601970.713051;104.195282;143.758331;-420.036011
1600601970.733040;105.123123;144.135681;-420.282104
1600601970.753029;105.134521;144.194427;-420.084076
1600601970.773018;105.157959;144.256363;-420.263123
1600601970.792977;105.107498;143.761581;-419.848572
1600601970.812935;104.675140;143.554077;-419.851868
1600601970.832894;104.717621;143.773239;-419.770264
1600601970.852852;104.958847;143.699753;-419.866577
1600601970.872811;105.241486;144.089844;-420.326324
1600601970.892769;104.641296;143.856293;-420.209534
1600601970.912728;104.998184;143.881668;-420.182068
1600601970.932686;104.682831;143.882126;-420.192383
1600601970.952645;104.839050;143.676514;-420.159607
1600601970.972603;105.138702;143.895248;-420.244385
1600601970.992592;105.056747;143.863770;-420.212494
1600601971.012551;105.004440;143.858658;-420.468292
1600601971.032509;104.767441;143.641846;-420.691742
1600601971.052498;105.093948;143.954956;-421.063843
1600601971.072436;105.587769;143.937866;-420.768860
1600601971.092425;105.101501;144.071503;-420.748779
1600601971.112414;105.028839;144.123886;-420.758606
1600601971.132373;104.569229;144.044983;-420.764526
1600601971.152331;105.068619;144.107178;-420.398010
1600601971.172290;105.396347;143.945953;-420.656494
1600601971.192248;105.934860;143.960861;-420.299286
1600601971.212237;105.404617;143.680969;-420.339294
1600601971.232196;104.556122;143.722946;-420.140381
1600601971.252154;104.643097;143.473969;-419.887329
1600601971.272113;104.966019;143.369446;-420.075745
1600601971.292071;105.538727;143.516068;-420.096619
1600601971.312030;104.410294;143.413147;-420.188416
1600601971.331988;104.112106;143.002090;-419.535370
1600601971.351947;104.043549;142.883362;-419.482117
1600601971.371905;104.731323;142.611420;-419.408997
1600601971.391864;104.508682;142.423981;-419.427429
1600601971.411822;103.512680;142.548859;-419.059998
1600601971.431781;103.507401;142.268051;-418.956482
1600601971.451739;103.567337;142.172806;-419.313141
1600601971.471698;103.898193;142.316483;-419.237427
1600601971.491656;104.103607;142.295212;-419.254639
1600601971.511615;103.208023;142.080917;-418.724243
1600601971.531573;103.077042;141.915482;-418.362183
1600601971.551532;102.808914;141.734634;-418.207764
1600601971.571521;103.007111;141.830643;-418.224976
1600601971.591479;102.957733;141.692993;-418.159058
1600601971.611438;102.749542;141.414352;-417.959595
1600601971.631396;102.215775;141.427124;-417.870209
1600601971.651385;102.236740;141.423752;-417.883484
1600601971.671344;103.350357;141.811981;-418.163971
1600601971.691302;102.807297;141.598251;-417.934875
1600601971.711261;102.419312;141.709335;-417.688324
1600601971.731219;102.550613;141.512726;-417.770996
1600601971.751178;101.915787;141.586792;-418.286011
1600601971.771136;103.286057;141.725235;-418.262451
1600601971.791095;103.071396;141.752182;-418.129944
1600601971.811053;102.271347;141.664291;-418.249573
1600601971.831012;101.898911;141.720734;-418.442352
1600601971.850970;102.027695;141.921158;-418.321411
1600601971.870929;102.091187;141.968704;-418.615234
1600601971.890918;103.417374;142.113129;-418.547424
1600601971.910907;102.556747;142.483276;-418.429871
1600601971.930865;103.039780;142.166290;-418.368713
1600601971.950824;103.522949;142.106339;-418.190399
1600601971.970782;102.591461;142.559052;-418.345337
1600601971.990741;104.374100;142.689651;-418.289368
1600601972.010669;103.634109;142.531601;-418.263153
1600601972.030627;103.544434;142.615646;-418.151550
1600601972.050586;103.713013;142.778412;-418.266602
1600601972.070482;103.633621;142.806183;-418.370148
1600601972.090410;104.532913;143.010284;-418.128540
1600601972.110399;103.683670;142.910934;-418.409668
1600601972.130357;102.952911;142.575714;-417.963562
1600601972.150316;104.088852;142.734787;-417.772644
1600601972.170274;103.589401;142.729538;-417.613312
1600601972.190233;103.815674;143.140411;-417.762756
1600601972.210161;103.772171;143.082123;-417.958313
1600601972.230119;103.285370;143.034332;-418.224670
1600601972.250078;103.559875;143.005005;-418.117798
1600601972.270036;103.297821;142.866577;-417.919617
1600601972.289995;104.252548;142.826187;-417.934021
1600601972.309953;103.319794;142.435043;-417.099487
1600601972.329912;103.120880;142.612610;-417.384186
1600601972.349870;103.512558;142.933731;-417.479218
1600601972.369829;103.997467;143.040344;-417.371826
1600601972.389787;104.637253;143.340912;-417.899353
1600601972.409746;103.751083;143.514786;-417.737366
1600601972.429704;104.360413;143.634323;-417.824860
1600601972.449663;104.243790;143.721848;-417.421112
1600601972.469621;104.325500;143.716675;-417.706726
1600601972.489580;105.149551;143.989960;-417.884613
1600601972.509538;104.715607;143.874695;-417.934326
1600601972.529466;104.169601;144.075043;-417.705444
1600601972.549424;104.742477;144.043930;-417.897980
1600601972.569383;104.730713;144.000809;-418.154755
1600601972.589341;105.067413;144.101440;-418.297607
1600601972.609300;104.089432;144.001877;-418.422607
1600601972.629258;104.158234;144.222122;-418.514587
1600601972.649217;104.234024;144.341370;-419.004852
1600601972.669175;103.972046;144.470657;-418.895752
1600601972.689134;104.669754;144.473480;-419.035889
1600601972.709092;104.336060;144.134613;-418.891876
1600601972.729051;103.612030;143.993958;-418.996399
1600601972.749009;103.179840;144.124817;-419.053955
1600601972.768968;103.175262;143.868393;-419.388580
1600601972.788926;103.163971;143.864075;-419.209717
1600601972.808854;101.458893;143.635818;-418.973816
1600601972.828813;102.164001;143.461273;-418.516724
1600601972.848771;102.517197;143.085800;-418.421204
1600601972.868730;102.001923;142.929230;-417.896118
1600601972.888688;102.503494;142.598404;-417.433655
1600601972.908647;102.470337;142.613724;-417.514679
1600601972.928605;101.411972;142.556412;-417.213287
1600601972.948564;101.397324;142.673370;-417.251099
1600601972.968522;100.981705;142.383347;-417.177063
1600601972.988481;101.595505;142.355606;-417.686829
1600601973.008439;101.697037;142.616455;-417.709412
1600601973.028367;100.982300;142.354752;-417.546631
1600601973.048356;100.793335;142.038162;-417.036194
1600601973.068345;100.210251;142.047470;-416.703064
1600601973.088261;100.823914;141.940536;-416.583008
1600601973.108250;100.564331;141.715637;-416.637817
1600601973.128208;100.655823;141.771439;-416.305420
1600601973.148136;100.012436;141.714294;-416.220398
1600601973.168095;100.111008;141.730240;-416.293823
1600601973.188053;100.095810;141.958344;-416.626953
1600601973.208012;100.637955;141.906525;-415.979553
1600601973.227970;99.918442;141.695786;-416.127136
1600601973.247929;99.794510;141.909805;-416.344482
1600601973.267887;99.894028;142.101685;-415.819244
1600601973.287846;100.364197;142.051453;-416.396179
1600601973.307804;100.547501;142.248367;-416.269226
1600601973.327763;100.312073;142.015625;-416.269623
1600601973.347721;99.817703;142.172592;-416.570435
1600601973.367680;99.679230;142.359528;-416.416534
1600601973.387638;100.811188;142.584106;-416.731140
1600601973.407597;101.200775;142.533020;-416.226562
1600601973.427555;100.447067;142.530746;-416.165833
1600601973.447544;101.061508;142.584427;-415.992035
1600601973.467533;100.742050;142.364929;-416.398193
1600601973.487522;100.339737;142.700974;-416.482178
1600601973.507481;101.299316;143.020493;-416.478027
1600601973.527439;100.784042;143.288269;-416.593872
1600601973.547398;101.765656;143.067993;-416.729370
1600601973.567356;101.375381;143.287354;-416.317810
1600601973.587315;100.957504;143.065323;-416.846313
1600601973.607273;101.843353;143.165207;-416.299774
1600601973.627262;101.333038;143.193253;-416.550232
1600601973.647221;100.838089;143.447144;-416.878204
1600601973.667179;101.754074;143.518173;-417.353516
1600601973.687138;101.514572;144.103683;-417.824402
1600601973.707096;103.037964;144.196915;-417.789337
1600601973.727055;102.535522;144.300644;-417.540894
1600601973.747013;102.128143;144.305084;-417.304138
1600601973.766972;102.886826;144.319443;-417.329712
1600601973.786930;102.666245;144.729584;-417.372559
1600601973.806889;103.279892;144.928406;-417.721252
1600601973.826847;103.165100;144.883026;-417.882141
1600601973.846836;103.228683;145.492325;-418.063293
1600601973.866795;103.645554;145.729691;-418.470978
1600601973.886723;104.164993;145.903549;-418.349060
1600601973.906681;104.863617;146.001419;-418.185486
1600601973.926640;104.407166;145.826447;-418.207581
1600601973.946629;104.598221;146.383728;-418.127258
1600601973.966587;104.867661;146.148438;-418.170990
1600601973.986515;104.959305;146.375275;-418.316284
1600601974.006474;105.076599;146.677429;-418.428314
1600601974.026463;104.129608;146.450409;-418.565521
1600601974.046421;104.646698;146.441208;-418.626160
1600601974.066380;104.444107;146.517593;-418.287903
1600601974.086323;104.318573;146.106934;-418.800293
1600601974.106282;105.403336;146.315674;-418.783661
1600601974.126240;104.741440;146.164169;-418.852844
1600601974.146199;104.563065;146.173523;-418.605286
1600601974.166157;104.182831;146.197418;-418.716125
1600601974.186146;104.194427;145.942932;-418.636536
1600601974.206105;104.517105;145.961700;-418.547028
1600601974.226063;103.920395;145.847488;-418.692566
1600601974.246022;103.837357;145.701309;-418.123840
1600601974.265980;103.216461;145.388092;-417.592346
1600601974.285939;103.341675;145.130417;-417.135742
1600601974.305897;103.665802;145.104095;-417.150085
1600601974.325856;103.096359;144.804504;-417.335632
1600601974.345814;103.166016;144.547821;-417.441254
1600601974.365773;102.947098;144.857468;-417.726349
1600601974.385731;103.026993;144.741013;-417.957275
1600601974.405690;103.614532;144.896027;-417.850525
1600601974.425618;103.323807;144.886200;-417.367126
1600601974.445576;102.345840;144.829330;-416.708313
1600601974.465535;103.155197;144.504593;-416.813965
1600601974.485493;102.694412;144.401962;-416.880341
1600601974.505452;103.149033;144.508347;-416.593140
1600601974.525410;103.002243;144.172775;-417.015869
1600601974.545369;102.462128;144.245682;-417.009094
1600601974.565327;102.159317;144.268753;-417.094360
1600601974.585286;102.433167;144.494171;-416.831970
1600601974.605244;102.056793;144.383591;-417.083557
1600601974.625203;103.124680;144.507767;-417.217865
1600601974.645161;102.038696;144.183334;-416.886169
1600601974.665120;101.890656;144.100220;-417.161926
1600601974.685078;102.159637;144.104736;-417.087494
1600601974.705037;102.872040;144.274307;-417.300720
1600601974.724995;102.758820;144.305664;-417.406982
1600601974.744954;102.163971;144.132568;-417.156921
1600601974.764912;101.706482;144.081970;-417.049316
1600601974.784840;101.452332;143.875900;-416.845947
1600601974.804799;103.148575;144.118195;-417.255493
1600601974.824757;103.038651;144.190765;-417.016479
1600601974.844716;102.580948;144.225723;-417.322235
1600601974.864674;102.754364;144.115372;-417.093079
1600601974.884633;102.627472;144.179749;-417.225647
1600601974.904591;103.388748;144.584457;-417.220245
1600601974.924550;103.344955;144.352768;-416.951019
1600601974.944508;102.219513;143.919525;-416.790710
1600601974.964467;102.585709;143.877304;-416.509338
1600601974.984425;102.383377;143.961777;-416.423706
1600601975.004384;102.049164;144.118698;-416.756042
1600601975.024342;102.434341;144.169525;-417.041107
1600601975.044301;102.035110;144.328323;-417.730835
1600601975.064259;102.097092;144.514206;-418.040222
1600601975.084162;103.307800;144.460938;-417.728882
1600601975.104120;102.383438;144.526749;-417.790710
1600601975.124108;103.350235;144.262177;-417.308838
1600601975.144097;102.297379;144.131439;-417.149506
1600601975.164057;102.619644;144.335724;-417.079041
1600601975.184014;102.262756;144.385803;-417.591553
1600601975.203974;103.009201;144.580597;-417.997375
1600601975.223931;103.594116;144.976166;-417.781555
1600601975.243920;103.310883;144.993149;-417.776428
1600601975.263880;103.458145;144.912323;-417.866272
1600601975.283837;103.466110;145.014008;-417.892609
1600601975.303826;103.369156;145.040604;-417.791962
1600601975.323786;104.628723;145.477737;-418.238861
1600601975.343743;104.164185;145.569962;-418.165466
1600601975.363703;103.698639;145.272339;-418.194733
1600601975.383660;103.683350;145.233109;-418.219849
1600601975.403620;104.192413;145.467514;-418.333496
1600601975.423577;104.113007;145.801559;-418.423462
1600601975.443537;104.378433;145.665054;-418.485168
1600601975.463495;104.106003;145.531906;-418.166718
1600601975.483454;104.145401;145.703033;-418.343018
1600601975.503412;104.319336;145.621765;-417.923279
1600601975.523400;104.872986;145.635651;-418.093079
1600601975.543360;104.073090;145.431641;-417.844543
1600601975.563318;103.770203;145.381317;-417.786194
1600601975.583277;103.899582;145.303436;-418.117859
1600601975.603235;103.687286;145.668198;-417.894104
1600601975.623163;104.374283;145.590546;-417.943665
1600601975.643121;103.962402;145.229340;-417.948456
1600601975.663080;103.402588;145.244614;-417.748291
1600601975.683038;103.550797;145.359497;-417.935669
1600601975.702965;103.823792;145.462631;-418.181000
1600601975.722955;104.025360;145.447601;-418.466675
1600601975.742882;103.483887;145.620422;-418.555481
1600601975.762841;103.149490;145.319824;-418.612335
1600601975.782799;103.277893;144.748062;-418.256958
1600601975.802758;102.568787;144.676590;-418.490662
1600601975.822716;102.704910;144.578568;-418.386047
1600601975.842675;102.082779;144.106308;-418.163605
1600601975.862633;101.455429;144.077499;-418.582764
1600601975.882622;101.590866;143.856873;-418.678772
1600601975.902581;101.671280;143.859894;-418.524780
1600601975.922539;101.818451;143.861481;-418.890076
1600601975.942498;101.568207;143.797043;-418.480347
1600601975.962456;101.263199;143.716919;-418.283875
1600601975.982415;101.277908;143.624863;-418.179932
1600601976.002373;101.353165;143.744522;-418.329773
1600601976.022332;101.796158;143.788315;-418.215454
1600601976.042290;101.580978;143.890732;-417.904114
1600601976.062249;101.094482;143.691650;-417.947906
1600601976.082191;100.985519;143.725067;-417.953125
1600601976.102150;100.979721;143.564514;-417.937561
1600601976.122108;100.781021;143.806808;-417.652283
1600601976.142067;101.687836;143.861221;-417.920349
1600601976.162056;101.185059;143.654907;-417.949646
1600601976.182014;101.728821;143.745010;-417.682709
1600601976.201973;101.064911;143.869858;-418.001495
1600601976.221931;101.690781;143.852356;-418.101318
1600601976.241890;102.036423;144.000839;-418.344971
1600601976.261879;101.919769;144.070068;-418.254700
1600601976.281837;101.589325;144.098389;-418.290466
1600601976.301796;102.666046;144.514786;-418.409241
1600601976.321754;102.499588;144.314316;-418.664246
1600601976.341713;102.992264;144.565567;-418.648590
1600601976.361702;101.922577;144.418869;-417.976379
1600601976.381660;102.079086;144.310089;-418.085999
1600601976.401619;101.853317;144.330566;-418.216156
1600601976.421577;102.677628;144.242752;-418.514099
1600601976.441536;102.204117;144.257111;-419.035919
1600601976.461494;101.974380;144.348175;-418.845337
1600601976.481453;102.324036;144.421509;-418.894165
1600601976.501411;101.992020;144.439346;-418.784363
1600601976.521370;102.190720;144.585236;-418.826019
1600601976.541328;102.854996;144.334305;-418.866058
1600601976.561287;101.738205;144.367371;-418.603210
1600601976.581245;102.196793;144.549164;-418.820374
1600601976.601204;102.151642;144.518036;-418.832214
1600601976.621132;102.265656;144.864655;-419.062012
1600601976.641090;102.712402;144.595169;-419.192017
1600601976.661049;102.266983;144.693039;-418.849121
1600601976.681007;101.972015;144.438110;-418.761414
1600601976.700966;102.024384;144.271805;-418.684021
1600601976.720924;101.612976;144.481308;-419.079895
1600601976.740883;103.037064;144.293152;-419.078033
1600601976.760841;102.433289;144.376358;-419.109985
1600601976.780800;102.261765;144.646652;-419.152557
1600601976.800758;102.664520;145.041534;-419.676086
1600601976.820717;102.650772;145.088120;-419.924500
1600601976.840675;103.526764;145.473663;-420.228729
1600601976.860634;102.544739;145.451843;-420.019318
1600601976.880592;102.998169;145.475037;-419.982971
1600601976.900551;102.944427;145.468719;-420.333618
1600601976.920509;102.762024;145.661179;-420.683716
1600601976.940468;103.622070;145.872131;-421.004089
1600601976.960426;102.616150;145.988358;-420.975220
1600601976.980385;102.770096;145.956863;-420.829834
1600601977.000343;103.088776;145.972565;-420.930664
1600601977.020302;103.101898;145.904022;-421.120605
1600601977.040260;104.107712;146.099701;-421.467529
1600601977.060219;102.980103;145.906448;-421.217255
1600601977.080127;103.601578;145.718048;-420.746521
1600601977.100086;103.713928;145.751205;-420.755585
1600601977.120044;102.978363;145.542679;-420.228821
1600601977.140003;103.808884;145.703171;-420.449615
1600601977.159961;103.379059;145.524292;-420.669739
1600601977.179950;103.019913;145.709427;-420.921356
1600601977.199909;102.891586;145.641144;-420.932434
1600601977.219867;102.750763;145.487015;-420.779633
1600601977.239826;103.503098;145.428497;-420.349976
1600601977.259815;102.179428;144.784531;-419.739349
1600601977.279804;102.536255;144.642731;-419.172913
1600601977.299762;101.996460;144.373810;-418.906921
1600601977.319751;101.796783;143.968231;-418.890869
1600601977.339710;102.447083;143.856369;-418.894653
1600601977.359638;101.839294;143.795715;-418.638672
1600601977.379596;102.053833;143.836914;-418.696472
1600601977.399555;101.311340;143.767670;-418.558899
1600601977.419544;101.856247;144.020462;-418.429443
1600601977.439472;102.024002;144.164078;-418.898682
1600601977.459430;102.239502;143.700790;-418.502441
1600601977.479389;101.351822;143.853668;-418.539368
1600601977.499347;101.695557;143.687103;-418.530945
1600601977.519306;101.544846;143.940308;-418.764130
1600601977.539264;102.091949;144.050323;-419.316132
1600601977.559223;102.348083;143.819443;-418.766510
1600601977.579181;101.552231;143.768341;-419.020325
1600601977.599170;101.732391;143.748764;-418.882385
1600601977.619159;101.576462;143.718246;-418.842194
1600601977.639118;102.328842;144.100739;-419.074005
1600601977.659076;102.538101;143.933990;-418.794556
1600601977.679035;101.350281;143.943527;-418.776428
1600601977.699024;101.603928;143.977554;-418.590576
1600601977.719013;101.688644;144.070374;-418.764343
1600601977.738971;103.471283;144.474091;-419.050232
1600601977.758930;103.138123;144.345337;-418.686951
1600601977.778888;102.222168;144.642746;-418.471252
1600601977.798816;102.614670;144.408600;-418.455963
1600601977.818775;102.322144;144.431824;-418.596191
1600601977.838733;102.978729;144.737793;-418.853851
1600601977.858692;103.286575;144.843674;-419.279724
1600601977.878650;103.119629;145.254242;-419.952576
1600601977.898609;103.149979;145.702591;-420.621826
1600601977.918567;103.474304;145.832703;-420.794312
1600601977.938526;103.907455;145.710831;-420.477600
1600601977.958484;103.854172;145.782059;-420.181702
1600601977.978412;103.009460;145.641235;-419.848877
1600601977.998401;103.141602;145.874008;-420.099854
1600601978.018329;102.900970;146.001266;-419.847412
1600601978.038288;103.974228;146.249435;-419.822083
1600601978.058246;104.245972;146.327255;-420.275208
1600601978.078168;104.018707;146.544357;-420.348022
1600601978.098126;104.103241;146.781174;-420.385193
1600601978.118085;104.173965;146.829575;-420.333649
1600601978.138043;105.480133;146.928497;-420.190247
1600601978.158002;104.755814;147.261078;-420.531525
1600601978.177960;104.456055;147.253555;-420.345886
1600601978.197919;104.444366;146.942734;-420.477234
1600601978.217877;104.171509;147.068192;-420.728455
1600601978.237836;104.897171;147.495178;-420.940155
1600601978.257794;105.125443;147.090088;-421.055908
1600601978.277722;104.528717;147.331818;-420.791962
1600601978.297681;104.865189;147.307343;-420.561981
1600601978.317639;103.938263;147.345612;-420.984680
1600601978.337598;104.294846;147.144760;-421.289154
1600601978.357556;104.948090;147.281052;-421.379761
1600601978.377515;104.421539;147.124359;-421.450317
1600601978.397473;103.898972;147.211884;-421.529572
1600601978.417432;104.052689;147.091599;-421.519379
1600601978.437390;103.523636;147.201950;-421.534058
1600601978.457349;104.738251;147.171432;-421.656036
1600601978.477307;103.649902;147.039795;-421.254333
1600601978.497266;103.371353;146.956131;-421.183044
1600601978.517224;103.611359;146.462189;-421.183716
1600601978.537183;102.957382;146.581741;-421.120300
1600601978.557141;103.777542;146.461319;-421.023926
1600601978.577130;103.149765;146.190659;-421.087769
1600601978.597119;102.983963;146.159042;-420.896179
1600601978.617078;102.876511;145.752319;-420.350098
1600601978.637067;102.723221;145.786011;-420.686737
1600601978.657025;103.024124;145.732483;-420.720398
1600601978.676984;102.538040;145.650040;-420.366760
1600601978.696942;101.828201;145.292877;-420.220703
1600601978.716901;101.927521;145.226013;-420.079407
1600601978.736890;102.174316;145.243774;-419.789734
1600601978.756848;102.816986;145.264343;-420.203064
1600601978.776807;102.300842;145.256851;-419.943787
1600601978.796765;102.208099;145.449677;-419.850525
1600601978.816724;101.883240;145.434479;-420.061768
1600601978.836682;102.190063;145.882706;-420.015686
1600601978.856641;102.997696;145.785675;-420.040283
1600601978.876599;102.202209;145.805405;-420.026459
1600601978.896558;102.756226;145.886703;-420.040710
1600601978.916516;102.508789;145.681625;-419.739532
1600601978.936444;102.632599;145.581451;-420.094818
1600601978.956403;103.137924;145.692688;-419.994110
1600601978.976361;102.589966;145.684616;-420.064972
1600601978.996320;102.231155;145.804245;-419.856018
1600601979.016278;102.664673;145.983047;-420.322784
1600601979.036237;102.456314;145.879333;-420.247467
1600601979.056195;103.228943;145.978226;-420.373535
1600601979.076137;102.692612;146.134018;-420.034149
1600601979.096126;102.997223;145.986343;-420.222717
1600601979.116054;102.236938;145.943069;-420.310242
1600601979.136043;102.734970;145.819046;-420.226288
1600601979.156001;103.669647;146.165024;-420.607178
1600601979.175960;103.169113;146.183685;-420.238220
1600601979.195918;102.881165;146.176376;-420.395203
1600601979.215846;103.193604;145.950607;-420.308044
1600601979.235835;102.696640;146.082489;-420.714844
1600601979.255763;103.541885;146.611618;-421.344238
1600601979.275752;103.543350;146.851425;-421.516693
1600601979.295710;103.359833;146.859772;-421.586487
1600601979.315669;103.003906;146.927811;-421.996216
1600601979.335627;103.460800;147.215775;-421.951233
1600601979.355555;104.397202;147.135559;-421.930206
1600601979.375544;104.528992;147.149063;-421.520142
1600601979.395503;103.275024;146.869156;-421.224060
1600601979.415461;103.249268;146.549637;-420.863770
1600601979.435389;103.674957;146.354034;-420.847687
1600601979.455348;103.895264;146.601852;-421.282593
1600601979.475306;103.924561;146.600739;-421.165894
1600601979.495265;103.838257;146.822250;-420.939758
1600601979.515254;104.364868;146.936249;-420.719299
1600601979.535212;104.030701;147.046753;-421.160767
1600601979.555201;104.878281;147.421722;-421.601562
1600601979.575160;105.127808;147.453629;-421.720581
1600601979.595118;104.949020;147.548996;-421.622314
1600601979.615077;105.337097;147.640945;-421.862488
1600601979.635066;104.903427;147.593582;-422.123535
1600601979.655024;105.978897;147.992752;-422.574066
1600601979.674984;105.835358;148.321426;-423.114746
1600601979.694972;105.711319;148.351761;-423.143982
1600601979.714961;105.004105;148.692612;-423.321716
1600601979.734919;105.083786;148.712616;-423.572784
1600601979.754878;106.389938;148.786514;-424.024323
1600601979.774836;105.808701;148.718109;-423.997253
1600601979.794795;104.847595;148.700668;-423.722931
1600601979.814753;104.665588;148.206421;-423.645477
1600601979.834712;104.391739;147.839249;-423.558105
1600601979.854670;103.825043;147.505722;-423.182007
1600601979.874629;105.324753;147.395752;-423.101593
1600601979.894587;104.208679;146.946854;-422.870117
1600601979.914515;103.758057;146.757141;-422.951355
1600601979.934474;103.385239;146.307190;-422.628906
1600601979.954402;103.485748;145.817368;-422.971100
1600601979.974360;103.757278;146.110413;-422.879517
1600601979.994319;103.366348;145.924606;-422.596130
1600601980.014308;103.462601;145.925980;-422.565857
1600601980.034297;103.781387;145.770493;-422.490051
1600601980.054255;103.242493;145.664825;-422.211853
1600601980.074214;104.366638;145.470184;-422.175018
1600601980.094147;102.810638;145.062897;-421.713379
1600601980.114106;103.287949;144.938263;-421.958160
1600601980.134064;103.070435;144.936401;-421.683350
1600601980.154023;102.529297;144.763565;-421.830688
1600601980.173981;103.556046;144.734985;-421.716125
1600601980.193909;102.532669;144.729858;-421.596283
1600601980.213807;102.434143;144.435089;-421.679596
1600601980.233735;102.640182;144.648056;-421.708069
1600601980.253632;102.692719;144.479080;-421.318481
1600601980.273560;102.842682;144.312943;-421.823608
1600601980.293519;102.241882;143.988297;-421.967010
1600601980.313477;102.100571;143.912048;-422.011780
1600601980.333436;101.862442;143.893112;-422.313232
1600601980.353394;101.903824;143.706467;-422.366180
1600601980.373353;102.224731;143.568527;-422.279907
1600601980.393311;101.531265;143.531174;-422.537720
1600601980.413300;101.310486;143.432266;-422.711792
1600601980.433259;101.280914;143.492661;-422.675842
1600601980.453217;101.407394;143.133423;-422.826355
1600601980.473176;101.818390;143.082031;-423.212280
1600601980.493134;101.209015;143.088867;-423.100342
1600601980.513093;101.910583;143.498978;-422.906403
1600601980.533051;102.229004;143.093277;-422.864441
1600601980.553010;102.003662;143.219925;-422.425720
1600601980.572968;102.693466;143.188904;-422.634796
1600601980.592927;102.811111;142.890213;-422.075378
1600601980.612855;102.339249;143.043503;-422.125488
1600601980.632844;102.028793;142.985565;-422.409668
1600601980.652802;102.045609;142.998672;-422.349548
1600601980.672761;103.128891;143.175903;-422.938629
1600601980.692719;102.904480;142.760147;-422.342743
1600601980.712678;102.323441;142.503693;-422.375183
1600601980.732636;101.804489;142.386566;-422.260010
1600601980.752595;102.069366;142.455551;-422.352020
1600601980.772553;102.921417;142.475464;-422.432434
1600601980.792512;102.768555;142.774994;-422.590912
1600601980.812501;101.807968;142.432312;-422.566315
1600601980.832490;102.220505;142.343964;-422.377197
1600601980.852448;101.719086;142.086044;-422.578064
1600601980.872407;102.403229;142.175339;-422.936249
1600601980.892365;102.138489;141.813019;-422.411591
1600601980.912324;101.200592;142.020767;-422.926636
1600601980.932282;100.949524;142.221191;-423.498688
1600601980.952241;101.523560;141.985443;-423.381897
1600601980.972199;101.844849;142.293839;-423.701477
1600601980.992158;101.734589;142.240814;-424.257355
1600601981.012116;101.187698;141.810532;-424.162415
1600601981.032075;101.502335;141.908112;-424.219574
1600601981.052033;101.403961;141.885986;-424.605896
1600601981.071992;101.531326;141.941422;-424.958130
1600601981.091863;100.851700;142.058182;-424.549561
1600601981.111821;100.219055;141.543976;-425.097839
1600601981.131780;99.724564;141.479660;-425.072937
1600601981.151738;99.648804;141.059082;-425.429626
1600601981.171697;100.494431;141.436188;-425.860291
1600601981.191655;100.707870;141.383072;-425.900848
1600601981.211614;99.621124;141.033569;-425.888489
1600601981.231572;99.691940;141.170105;-425.825287
1600601981.251561;99.220566;140.989426;-425.791748
1600601981.271550;99.142776;140.583939;-426.039429
1600601981.291509;99.429016;140.584427;-425.690033
1600601981.311467;98.685715;139.794052;-424.777222
1600601981.331426;98.120682;139.660965;-424.207123
1600601981.351354;98.456696;139.239227;-423.651428
1600601981.371312;97.717621;138.944809;-423.561462
1600601981.391271;97.745499;138.596603;-423.124634
1600601981.411229;97.470978;138.473282;-423.078766
1600601981.431188;96.970871;138.266327;-422.712341
1600601981.451146;96.680817;137.928024;-422.212158
1600601981.471105;96.489822;137.740036;-422.250793
1600601981.491033;97.430817;137.505920;-421.748962
1600601981.510991;96.827347;137.284332;-421.289551
1600601981.530950;96.136261;137.346909;-421.094452
1600601981.550939;96.410309;137.197922;-420.800476
1600601981.570897;96.827179;137.317093;-421.317841
1600601981.590856;97.364029;137.576431;-421.366394
1600601981.610814;97.153763;137.172531;-421.170654
1600601981.630773;96.408646;137.127243;-421.038330
1600601981.650731;96.329727;137.076218;-420.596313
1600601981.670690;96.596344;137.100601;-420.850464
1600601981.690648;97.150772;137.163956;-420.839813
1600601981.710607;96.398941;137.061142;-420.478027
1600601981.730565;95.793732;136.871780;-420.580933
1600601981.750493;95.583908;136.960510;-420.548553
1600601981.770390;95.830917;136.775970;-420.572357
1600601981.790318;96.281769;136.937286;-420.603027
1600601981.810216;96.126678;136.694199;-420.830994
1600601981.830144;95.499985;136.491364;-420.660675
1600601981.850072;96.115585;136.833725;-420.853638
1600601981.869969;95.684265;136.860184;-421.223145
1600601981.889897;97.076736;137.408508;-421.243896
1600601981.909825;97.165100;137.346451;-421.290771
1600601981.929723;97.171448;137.752029;-421.339539
1600601981.949651;96.979904;137.554642;-421.350494
1600601981.969579;97.311951;137.546936;-421.326416
1600601981.989507;97.468781;137.601761;-421.746887
1600601982.009435;98.086700;137.466690;-421.086121
1600601982.029363;97.417694;137.625534;-421.328003
1600601982.049291;97.571823;137.839157;-421.498199
1600601982.069249;98.147293;138.310242;-422.374939
1600601982.089159;97.589203;138.555389;-422.864441
1600601982.109118;98.518539;138.620331;-422.475708
1600601982.129015;97.917877;138.307007;-421.767670
1600601982.148943;97.828766;138.316910;-421.655975
1600601982.168902;98.071365;138.396912;-421.040588
1600601982.188860;98.640869;138.528381;-421.457642
1600601982.208818;99.762787;138.519043;-421.424500
1600601982.228777;99.465836;139.135574;-421.627045
1600601982.248735;99.621368;139.469238;-421.705444
1600601982.268694;99.774414;139.898438;-421.936157
1600601982.288622;100.756302;140.314285;-422.064697
1600601982.308580;101.692245;140.147827;-421.942017
1600601982.328508;101.102371;140.447067;-421.405090
1600601982.348467;101.399628;140.471924;-421.243774
1600601982.368425;101.725204;140.505920;-421.075378
1600601982.388384;103.104233;140.947876;-421.447144
1600601982.408342;102.958282;140.992462;-421.636780
1600601982.428301;102.651703;141.166107;-421.341431
1600601982.448259;103.079453;141.925491;-421.301575
1600601982.468218;102.885345;141.828247;-421.574341
1600601982.488176;102.370880;142.066467;-421.522614
1600601982.508135;103.942017;142.120407;-421.946960
1600601982.528093;103.325333;142.156067;-421.638977
1600601982.548052;102.680191;141.817093;-421.859070
1600601982.568010;103.019302;142.107697;-421.991425
1600601982.587969;103.002884;142.192215;-422.222656
1600601982.607897;103.134705;141.853027;-422.476807
1600601982.627855;102.139145;141.888443;-422.191101
1600601982.647783;102.439575;141.767227;-421.955811
1600601982.667711;102.770752;141.747421;-421.334167
1600601982.687670;102.162674;141.873062;-421.016266
1600601982.707628;103.111160;141.918793;-421.417328
1600601982.727587;103.014923;141.985550;-420.822144
1600601982.747545;102.808487;141.992050;-420.559875
1600601982.767504;102.858871;142.058502;-420.311493
1600601982.787462;103.025925;142.159637;-420.478821
1600601982.807421;103.433655;142.542938;-420.607574
1600601982.827379;103.433029;142.665756;-420.164185
1600601982.847338;103.488632;142.773987;-420.281616
1600601982.867296;103.382309;142.840759;-420.105072
1600601982.887255;103.759552;142.948593;-419.366638
1600601982.907213;104.560410;142.774506;-419.386963
1600601982.927141;104.043671;142.894028;-418.925293
1600601982.947100;104.309341;142.932159;-418.820618
1600601982.967058;104.047302;143.248932;-418.735321
1600601982.987017;104.370026;143.252121;-418.666229
1600601983.006975;105.349106;143.623474;-418.827545
1600601983.026934;104.840073;143.628586;-418.834717
1600601983.046862;104.899979;143.796829;-419.246399
1600601983.066820;105.069336;144.103989;-419.374634
1600601983.086739;105.138535;144.239807;-419.275635
1600601983.106697;105.794037;144.123749;-419.278320
1600601983.126656;104.761215;144.318024;-418.814514
1600601983.146614;104.786041;144.396210;-419.098694
1600601983.166573;105.070496;144.545914;-418.934204
1600601983.186531;104.909348;144.691467;-419.112000
1600601983.206490;105.882401;144.744080;-419.397827
1600601983.226448;105.272537;144.592133;-419.186218
1600601983.246407;105.423538;144.693207;-419.043274
1600601983.266365;105.329742;144.993408;-419.317871
1600601983.286293;105.901520;145.097717;-418.998230
1600601983.306252;107.354034;145.530594;-419.194702
1600601983.326210;107.395569;146.094666;-418.850586
1600601983.346169;107.325516;146.545609;-418.925049
1600601983.366127;107.947815;147.215607;-419.163147
1600601983.386086;108.566895;147.486313;-419.112610
1600601983.406044;109.366379;148.198318;-419.488678
1600601983.426003;109.833145;148.495667;-419.290344
1600601983.445931;109.410126;148.878708;-419.299622
1600601983.465889;109.906403;149.558716;-419.101379
1600601983.485848;110.499573;150.345245;-419.650116
1600601983.505806;110.100937;150.905457;-420.099731
1600601983.525765;111.452988;151.282196;-420.354248
1600601983.545754;111.572403;152.292358;-420.598694
1600601983.565712;111.992401;153.231140;-420.893127
1600601983.585671;112.632996;154.092697;-421.296906
1600601983.605599;113.526123;155.095703;-421.427795
1600601983.625557;113.749924;155.609070;-420.844177
1600601983.645546;113.835876;155.662415;-421.022156
1600601983.665474;114.252777;156.258057;-420.989410
1600601983.685433;114.957825;156.667282;-420.848053
1600601983.705391;115.398056;157.220276;-421.126251
1600601983.725350;115.532593;158.137054;-421.244354
1600601983.745308;115.936172;158.443390;-421.005005
1600601983.765236;115.368637;159.319412;-421.290955
1600601983.785195;116.456024;160.027222;-421.640320
1600601983.805153;116.704727;160.708176;-421.955780
1600601983.825112;117.083694;161.027649;-422.338928
1600601983.845070;115.774139;161.214325;-422.443420
1600601983.865028;116.013260;161.576508;-422.553925
1600601983.884956;116.671158;162.117218;-422.601868
1600601983.904915;116.431702;162.679611;-422.799011
1600601983.924873;117.560181;162.812408;-422.787109
1600601983.944832;117.055405;163.277512;-423.009308
1600601983.964790;117.109283;163.832336;-423.255920
1600601983.984749;117.095139;164.350906;-423.184265
1600601984.004707;117.598831;164.654160;-423.261169
1600601984.024666;118.695877;165.348129;-423.593079
1600601984.044624;117.387772;165.583710;-423.441772
1600601984.064552;117.412476;165.877228;-423.215454
1600601984.084498;118.004990;166.360138;-423.249786
1600601984.104426;117.248138;166.381973;-423.415771
1600601984.124385;118.601776;166.773849;-423.456116
1600601984.144343;118.381165;166.946991;-423.222473
1600601984.164302;117.993866;167.238632;-422.968353
1600601984.184260;118.402039;167.235947;-422.942230
1600601984.204219;119.196198;167.527542;-422.475464
1600601984.224177;119.570770;167.643143;-422.840759
1600601984.244136;119.115570;167.812149;-422.146606
1600601984.264094;119.392715;168.393082;-422.111328
1600601984.284053;119.606491;168.874390;-421.959045
1600601984.304011;119.907440;169.573685;-422.145081
1600601984.323970;120.495575;170.670822;-422.103363
1600601984.343928;119.841278;171.211334;-421.775208
1600601984.363887;120.197159;171.871002;-421.630463
1600601984.383876;120.201797;172.471497;-421.071167
1600601984.403834;120.374512;172.774567;-420.959534
1600601984.423793;121.415359;172.728439;-421.012299
1600601984.443721;121.104019;172.641281;-420.829041
1600601984.463679;120.495789;172.853546;-420.773865
1600601984.483638;120.439743;173.136871;-420.706177
1600601984.503596;120.673355;173.761963;-420.909973
1600601984.523555;121.595657;174.679932;-420.997559
1600601984.543513;121.295517;175.445877;-421.045715
1600601984.563502;120.597076;175.841278;-420.860352
1600601984.583430;121.173019;176.503662;-420.969299
1600601984.603389;121.109741;176.825638;-421.374939
1600601984.623347;121.896301;177.381393;-421.131714
1600601984.643306;121.291382;177.944550;-421.081848
1600601984.663264;121.020477;178.356812;-421.096375
1600601984.683223;121.044891;178.408386;-420.967468
1600601984.703151;121.087997;178.804886;-420.831299
1600601984.723109;121.158432;179.407394;-421.252808
1600601984.743068;121.365814;179.844284;-421.182526
1600601984.763026;120.602188;180.374268;-421.129150
1600601984.782985;121.026810;180.518677;-421.628479
1600601984.802913;120.279022;181.163040;-421.560974
1600601984.822871;120.833679;181.485504;-422.176971
1600601984.842830;121.043518;182.450089;-422.218323
1600601984.862788;120.125488;182.610489;-422.229736
1600601984.882747;120.106979;183.500671;-422.355164
1600601984.902705;120.420792;184.020676;-422.175140
1600601984.922633;121.216888;184.675095;-422.674866
1600601984.942592;120.456314;185.021423;-422.478882
1600601984.962550;119.746094;185.238464;-422.726257
1600601984.982509;119.610458;185.383408;-423.150360
1600601985.002467;119.130646;185.551483;-423.556427
1600601985.022395;120.034668;186.026306;-424.139832
1600601985.042354;119.855438;186.407532;-423.908691
1600601985.062312;119.098114;186.669083;-423.825256
1600601985.082239;118.603622;187.080338;-423.837097
1600601985.102197;119.124420;187.918808;-423.646118
1600601985.122156;119.359955;188.521179;-424.162354
1600601985.142084;119.259888;188.781982;-423.847443
1600601985.162042;118.292664;189.079620;-424.076935
1600601985.182001;118.050552;188.894608;-424.304993
1600601985.201959;118.822815;189.453857;-424.628235
1600601985.221918;118.782928;190.217163;-425.146484
1600601985.241876;118.321259;190.043915;-425.040405
1600601985.261835;117.620056;190.607269;-425.323486
1600601985.281793;117.387756;191.085754;-425.278442
1600601985.301752;117.088684;191.516678;-425.642273
1600601985.321710;116.763687;192.027588;-425.815613
1600601985.341669;117.289551;192.659485;-426.142700
1600601985.361627;116.451630;192.877014;-425.773346
1600601985.381586;116.511688;192.789474;-425.984039
1600601985.401544;116.427078;193.125473;-426.032166
1600601985.421503;116.553604;193.651337;-426.200073
1600601985.441461;116.697662;194.002258;-425.915863
1600601985.461420;116.159164;193.937912;-425.801025
1600601985.481378;116.401749;194.307358;-425.859436
1600601985.501337;115.721069;194.534744;-425.798340
1600601985.521295;116.112320;194.960419;-425.820038
1600601985.541254;116.621979;195.198486;-425.926331
1600601985.561212;115.758362;195.327362;-425.588379
1600601985.581171;115.925781;195.612595;-425.320374
1600601985.601129;115.910858;195.303864;-425.262512
1600601985.621088;116.182480;195.506653;-425.193298
1600601985.641046;115.692169;195.910538;-425.111328
1600601985.660974;116.193222;195.540833;-425.158081
1600601985.680932;115.912827;195.592499;-425.133331
1600601985.700891;115.773758;195.372711;-425.071747
1600601985.720849;116.024200;195.241486;-425.010254
1600601985.740808;117.185638;195.371948;-425.582031
1600601985.760766;116.765121;194.866821;-425.017792
1600601985.780725;116.615082;195.042862;-425.176147
1600601985.800683;116.434570;194.967514;-425.311005
1600601985.820642;116.819916;194.915024;-425.030945
1600601985.840600;116.862259;195.340225;-425.732422
1600601985.860559;116.153625;195.528961;-424.965393
1600601985.880517;116.324753;195.725616;-424.712830
1600601985.900476;116.904831;195.650391;-424.846252
1600601985.920434;116.838348;195.400757;-424.690948
1600601985.940393;117.892899;195.100906;-425.093933
1600601985.960351;116.776917;194.611832;-424.953003
1600601985.980310;116.846695;194.497650;-425.120117
1600601986.000268;116.511368;194.392319;-425.071289
1600601986.020227;116.656387;194.589676;-425.161560
1600601986.040185;117.482269;194.589462;-425.449768
1600601986.060144;116.566559;194.952972;-424.895386
1600601986.080102;116.636734;195.009171;-425.359131
1600601986.100019;116.596558;195.319763;-425.100098
1600601986.119977;117.142975;195.501999;-425.264008
1600601986.139936;117.224609;195.703690;-425.397644
1600601986.159894;117.416000;195.794724;-424.878418
1600601986.179853;116.993988;195.878372;-425.034271
1600601986.199781;116.668488;195.688904;-425.140747
1600601986.219739;116.118958;195.850327;-425.412262
1600601986.239698;116.865295;196.131546;-425.694580
1600601986.259656;116.649048;195.976395;-425.502686
1600601986.279615;115.652557;196.242859;-425.692627
1600601986.299573;115.848862;196.443771;-425.980042
1600601986.319532;115.932312;196.559265;-426.229858
1600601986.339490;115.777527;196.943619;-426.478027
1600601986.359449;115.530457;197.137344;-426.468964
1600601986.379407;114.791214;196.844559;-426.627594
1600601986.399366;114.318558;197.446686;-426.715332
1600601986.419324;114.550797;197.662003;-426.902222
1600601986.439283;114.515762;198.476776;-427.428864
1600601986.459241;114.920898;199.019409;-427.245728
1600601986.479200;113.480453;198.962006;-427.072327
1600601986.499189;113.008606;199.276779;-427.518982
1600601986.519147;112.768234;199.551453;-428.021729
1600601986.539136;113.628052;200.000854;-428.291138
1600601986.559095;113.193420;200.115509;-428.306396
1600601986.579053;112.441345;200.390167;-428.385986
1600601986.599012;111.940353;201.036530;-428.362610
1600601986.618970;111.428772;201.889359;-428.132782
1600601986.638929;111.554550;203.109787;-427.892456
1600601986.658918;110.903076;203.552368;-427.828003
1600601986.678846;110.236267;203.879105;-427.888184
1600601986.698804;109.572754;203.756256;-428.297791
1600601986.718763;109.134277;204.095749;-428.591919
1600601986.738721;109.653473;204.881805;-429.039459
1600601986.758680;108.580429;205.133713;-429.028381
1600601986.778638;107.730621;206.071350;-428.709045
1600601986.798597;107.002823;206.674438;-428.422485
1600601986.818555;106.918579;207.130493;-428.247314
1600601986.838514;106.480865;207.905289;-428.494141
1600601986.858472;105.635529;208.444672;-428.457031
1600601986.878431;104.200317;209.008362;-428.256836
1600601986.898389;103.787659;209.331848;-428.462036
1600601986.918348;104.225250;209.749954;-428.186829
1600601986.938276;103.291962;210.184250;-428.882629
1600601986.958234;103.120895;210.843887;-428.654236
1600601986.978193;101.433716;211.394394;-428.292297
1600601986.998151;101.185242;211.702713;-428.460236
1600601987.018140;99.781326;212.158691;-428.195099
1600601987.038099;99.597687;212.899017;-428.155212
1600601987.058057;99.459885;213.454742;-428.407990
1600601987.078046;98.412659;213.457214;-428.121490
1600601987.097987;97.437317;213.869797;-428.390442
1600601987.117945;96.422348;214.069702;-427.916229
1600601987.137904;96.111130;214.533630;-427.845795
1600601987.157862;96.115906;214.773178;-428.357117
1600601987.177821;95.162079;214.728485;-428.136688
1600601987.197779;94.430969;214.757996;-428.106689
1600601987.217738;94.621689;215.048111;-428.020264
1600601987.237696;93.776627;215.436996;-428.167419
1600601987.257655;94.393463;215.414642;-428.527405
1600601987.277613;92.608963;215.274979;-428.528748
1600601987.297572;92.236343;215.643051;-429.065948
1600601987.317530;91.481537;215.615234;-429.307648
1600601987.337489;91.298615;215.827087;-429.464600
1600601987.357447;91.557419;215.649628;-429.593445
1600601987.377406;90.203598;215.876831;-429.795837
1600601987.397364;89.478409;216.591782;-429.149933
1600601987.417323;88.861725;216.680038;-428.647888
1600601987.437281;88.008209;217.129120;-428.227905
1600601987.457240;88.250198;217.487183;-428.234985
1600601987.477198;87.168396;217.224350;-428.173279
1600601987.497157;86.894974;217.072952;-429.106720
1600601987.517115;86.741043;216.894638;-429.365356
1600601987.537074;85.657440;217.068268;-429.323303
1600601987.557032;85.518875;217.395538;-429.399048
1600601987.576991;84.573700;217.302979;-429.291809
1600601987.596980;84.066299;217.169342;-429.311829
1600601987.616969;83.138580;217.112640;-429.439667
1600601987.636927;82.477921;217.458481;-429.320435
1600601987.656886;82.390350;217.571060;-429.189972
1600601987.676844;81.144547;217.527954;-429.168884
1600601987.696803;80.417999;217.178650;-429.184448
1600601987.716761;80.015747;217.283051;-429.456299
1600601987.736720;79.321472;217.331116;-429.395996
1600601987.756678;79.453979;217.027435;-429.936707
1600601987.776637;78.363312;217.094513;-429.660675
1600601987.796595;76.809387;216.916092;-429.898438
1600601987.816584;76.170868;217.174759;-429.918396
1600601987.836543;74.965820;216.825760;-429.717621
1600601987.856471;75.449875;217.058014;-430.066772
1600601987.876429;75.021561;217.120789;-429.712341
1600601987.896388;73.055679;216.756180;-429.892212
1600601987.916346;72.455353;216.403397;-429.783081
1600601987.936305;71.028656;216.331100;-429.946045
1600601987.956263;70.169144;216.556244;-429.944946
1600601987.976222;70.391678;216.416122;-430.080078
1600601987.996180;69.440811;215.996017;-429.945160
1600601988.016139;68.229935;215.822647;-429.728455
1600601988.036097;67.227890;215.671371;-429.538025
1600601988.056056;67.184174;215.719315;-429.915436
1600601988.076014;66.675629;215.020981;-430.143433
1600601988.095927;65.406540;214.511749;-429.972717
1600601988.115855;64.869858;214.092102;-430.159546
1600601988.135813;64.523575;214.023163;-430.416687
1600601988.155772;64.276306;213.954468;-430.641266
1600601988.175730;63.555511;213.959579;-430.384033
1600601988.195689;62.529770;213.899643;-429.735657
1600601988.215647;62.652588;213.920532;-429.520569
1600601988.235606;61.556259;213.589233;-429.016602
1600601988.255564;61.575989;213.777695;-429.120911
1600601988.275492;61.580414;213.298355;-429.361511
1600601988.295481;60.553909;212.897537;-429.193115
1600601988.315409;60.130219;212.880508;-429.386932
1600601988.335368;59.597382;212.625259;-429.130981
1600601988.355326;59.262299;213.286224;-428.939087
1600601988.375285;59.766190;212.922409;-428.798889
1600601988.395243;58.740356;212.626404;-428.432556
1600601988.415201;58.188492;212.814697;-428.059814
1600601988.435160;57.418716;212.549881;-427.790466
1600601988.455118;57.704483;212.275208;-427.970459
1600601988.475077;58.092346;212.376694;-428.017395
1600601988.495035;56.924896;212.154633;-427.813782
1600601988.514994;56.883820;212.165253;-427.626953
1600601988.534952;56.798065;212.205826;-427.693634
1600601988.554911;57.005798;211.794678;-427.823486
1600601988.574869;57.106064;211.693314;-427.794250
1600601988.594828;56.048447;211.879013;-427.172791
1600601988.614786;55.619217;211.829636;-427.384766
1600601988.634745;55.980164;211.585953;-427.082520
1600601988.654673;54.939774;211.700287;-427.144104
1600601988.674631;55.894073;211.932983;-427.370392
1600601988.694590;55.530777;211.528214;-427.138855
1600601988.714548;55.442490;211.509567;-427.356262
1600601988.734507;55.338165;211.800415;-427.320770
1600601988.754465;55.444824;211.350525;-427.499634
1600601988.774424;56.269226;211.723602;-427.570496
1600601988.794382;55.425522;211.593567;-427.761688
1600601988.814341;55.891754;211.368896;-427.371552
1600601988.834299;56.110809;211.530396;-428.000427
1600601988.854258;55.924667;211.393005;-428.241852
1600601988.874186;56.779327;211.504593;-428.663574
1600601988.894144;55.963470;211.241150;-428.416992
1600601988.914103;56.588684;211.092590;-428.432129
1600601988.934061;56.394577;211.356689;-428.038879
1600601988.954020;56.131027;211.237061;-427.862396
1600601988.973978;56.764633;211.424377;-428.028473
1600601988.993937;56.168045;211.414627;-428.066681
1600601989.013895;56.538971;211.207428;-428.309631
1600601989.033854;57.012482;210.961349;-428.475342
1600601989.053812;57.667313;210.853989;-429.106049
1600601989.073771;58.279282;211.176346;-429.277649
1600601989.093699;57.457428;210.756775;-429.131042
1600601989.113658;57.481598;210.534088;-429.282837
1600601989.133616;57.647125;210.629913;-429.387634
1600601989.153575;57.669769;210.396545;-429.339996
1600601989.173533;57.907623;210.725204;-429.414001
1600601989.193492;57.566269;210.406754;-429.270508
1600601989.213450;57.039688;210.176529;-429.467651
1600601989.233409;57.185593;210.284348;-429.571167
1600601989.253367;56.841537;210.383224;-429.499878
1600601989.273326;57.802536;210.161423;-429.531189
1600601989.293284;57.557297;209.904816;-429.633453
1600601989.313243;57.128387;209.856995;-429.283813
1600601989.333232;57.658981;209.792267;-429.462219
1600601989.353160;56.968231;209.984085;-429.720642
1600601989.373118;58.090408;210.038742;-429.815613
1600601989.393077;57.846786;209.932159;-429.773529
1600601989.413066;57.000641;209.360291;-429.732361
1600601989.433055;56.913040;209.373184;-429.796814
1600601989.453013;56.773834;209.533295;-429.785645
1600601989.472972;56.174118;209.464798;-429.759827
1600601989.492930;56.808411;209.377151;-429.670593
1600601989.512889;56.077316;209.080826;-429.548706
1600601989.532847;56.121964;209.183243;-429.558777
1600601989.552836;55.665573;208.982452;-429.397278
1600601989.572795;56.840500;208.592987;-429.890564
1600601989.592753;56.326340;208.601791;-430.074158
1600601989.612712;56.151825;208.313660;-429.846558
1600601989.632640;55.726761;208.551300;-429.874664
1600601989.652598;55.970093;208.360764;-429.673157
1600601989.672557;56.415527;208.704712;-429.649719
1600601989.692515;56.400085;208.704788;-429.211884
1600601989.712474;55.179016;208.554047;-428.890808
1600601989.732463;55.411224;208.793991;-429.100159
1600601989.752421;55.272629;208.647888;-429.166962
1600601989.772380;56.023026;208.321121;-428.775360
1600601989.792338;56.040970;208.345276;-429.611786
1600601989.812297;54.980637;208.106506;-429.095154
1600601989.832255;54.810043;208.123703;-429.125977
1600601989.852214;54.603271;208.191620;-428.715759
1600601989.872172;55.228836;208.176727;-428.809723
1600601989.892131;54.794235;208.191895;-428.618164
1600601989.912089;54.356247;207.878403;-428.428375
1600601989.932078;54.594910;207.752045;-428.403992
1600601989.952067;54.699722;207.818069;-428.637085
1600601989.972056;54.796478;208.121719;-428.399292
1600601989.992045;54.804596;208.145706;-428.510315
1600601990.012004;53.998474;207.773224;-428.395111
1600601990.031962;54.291290;207.850189;-428.464233
1600601990.051921;54.455963;208.045395;-428.423676
1600601990.071879;54.825974;207.995392;-428.350861
1600601990.091799;55.016922;208.123505;-428.519958
1600601990.111757;53.631775;207.892944;-428.198547
1600601990.131716;54.035858;207.686676;-428.232178
1600601990.151674;54.539902;207.832993;-428.138062
1600601990.171633;54.321243;207.576843;-428.192078
1600601990.191591;54.619644;207.909805;-428.430298
1600601990.211550;54.088364;207.494751;-427.954529
1600601990.231508;54.235672;207.471771;-428.202698
1600601990.251467;54.154434;207.550003;-427.972229
1600601990.271425;54.163681;207.209259;-428.244263
1600601990.291384;54.817215;207.562592;-429.070038
1600601990.311342;54.228867;207.601212;-429.037201
1600601990.331301;54.639786;207.556717;-428.722839
1600601990.351259;54.376770;207.563110;-428.415710
1600601990.371218;54.784897;207.851791;-428.241638
1600601990.391176;55.649216;207.784760;-428.267456
1600601990.411135;55.032974;208.075684;-428.225189
1600601990.431063;55.611526;208.143890;-428.651123
1600601990.451021;55.857864;207.917404;-428.797607
1600601990.470980;56.048798;208.289139;-429.058990
1600601990.490938;57.641586;208.228531;-429.118164
1600601990.510927;57.468033;208.449799;-429.069336
1600601990.530855;57.717377;208.551132;-429.073914
1600601990.550753;57.536133;208.561310;-428.905823
1600601990.570681;57.573135;208.551895;-428.714417
1600601990.590578;58.511627;208.769104;-428.683411
1600601990.610506;57.837067;209.023804;-427.987976
1600601990.630434;57.917313;208.904922;-428.247131
1600601990.650362;57.850357;209.219254;-428.370941
1600601990.670320;57.938385;209.203171;-428.269775
1600601990.690279;58.611938;209.210602;-428.634583
1600601990.710237;58.402863;209.322174;-427.934631
1600601990.730196;57.997116;208.904175;-428.090851
1600601990.750154;58.051437;208.863968;-428.009369
1600601990.770113;58.080536;208.760208;-428.251007
1600601990.790041;58.378845;209.011902;-428.505219
1600601990.810030;58.104462;208.975372;-427.875336
1600601990.829988;57.831177;208.823700;-427.999695
1600601990.849916;57.459244;208.672287;-427.993347
1600601990.869905;57.461838;208.674759;-428.184509
1600601990.889864;57.616608;208.649017;-428.181091
1600601990.909792;57.555267;208.750168;-428.201996
1600601990.929750;57.042938;208.538269;-427.586182
1600601990.949709;56.541992;208.302246;-427.632202
1600601990.969667;56.954727;207.700180;-427.691864
1600601990.989626;57.488205;207.839752;-428.052856
1600601991.009584;57.690567;207.681824;-428.230103
1600601991.029543;56.413742;207.536011;-428.263153
1600601991.049501;56.118790;207.399048;-428.091339
1600601991.069460;56.380661;207.263931;-427.796661
1600601991.089433;56.372864;207.390671;-427.812439
1600601991.109391;56.271637;207.207642;-427.801147
1600601991.129319;55.625229;207.073746;-427.588623
1600601991.149278;55.536469;207.032684;-428.118469
1600601991.169236;55.561203;206.912888;-428.179138
1600601991.189195;56.012604;206.815491;-428.399597
1600601991.209153;55.866470;206.642029;-428.145020
1600601991.229112;55.204102;206.553955;-427.619568
1600601991.249070;54.802383;206.355118;-427.517151
1600601991.269029;54.838104;206.429962;-427.620056
1600601991.288987;55.629822;206.664703;-427.618347
1600601991.308946;55.324005;206.573975;-427.248138
1600601991.328904;54.561432;206.377014;-427.259216
1600601991.348863;54.770462;206.023315;-426.905121
1600601991.368821;54.555130;206.291794;-426.968140
1600601991.388780;54.042511;206.243210;-426.991089
1600601991.408738;54.811737;206.251541;-427.461761
1600601991.428697;54.209122;206.368393;-427.270142
1600601991.448625;54.332870;206.135620;-426.937866
1600601991.468583;54.044357;206.314056;-426.665405
1600601991.488511;53.961166;205.979858;-426.925049
1600601991.508500;54.913666;206.386383;-427.211670
1600601991.528489;54.442200;205.973694;-426.927368
1600601991.548448;53.692627;206.074341;-426.735870
1600601991.568406;54.014252;206.192932;-426.667633
1600601991.588365;54.438828;206.035675;-426.528503
1600601991.608293;55.093124;206.441544;-426.500610
1600601991.628251;54.470779;206.535721;-426.487183
1600601991.648210;54.480286;206.510315;-426.453247
1600601991.668168;54.594101;206.150497;-426.666504
1600601991.688127;54.575851;206.324493;-427.190155
1600601991.708085;55.311600;206.104095;-427.567993
1600601991.728044;54.511642;205.951660;-427.693115
1600601991.748002;55.245041;206.087250;-427.814484
1600601991.767962;55.118942;206.105301;-427.982056
1600601991.787919;55.547623;206.305023;-427.596375
1600601991.807878;56.276642;206.535889;-427.330078
1600601991.827836;54.974747;206.853546;-427.398499
1600601991.847795;55.714432;206.677185;-427.475189
1600601991.867753;56.057510;206.552414;-427.589569
1600601991.887712;56.015900;206.705963;-428.292267
1600601991.907640;56.877457;207.036880;-428.156982
1600601991.927598;55.897491;206.878860;-427.682678
1600601991.947557;56.121384;206.903061;-427.742676
1600601991.967515;56.589050;206.891296;-427.593872
1600601991.987474;56.089554;207.053757;-427.265350
1600601992.007432;57.016922;207.105057;-427.558411
1600601992.027391;56.322571;206.979340;-427.093445
1600601992.047349;56.918442;206.912506;-427.198303
1600601992.067277;56.518494;207.014572;-427.112305
1600601992.087187;56.531982;206.977798;-426.970276
1600601992.107145;56.764832;207.307968;-427.333405
1600601992.127134;56.323914;207.116562;-427.213409
1600601992.147093;56.123428;207.128296;-426.836090
1600601992.167082;55.694839;207.248184;-427.035095
1600601992.187040;56.029404;207.007538;-426.783356
1600601992.207029;56.315140;207.229034;-427.421875
1600601992.227018;55.738281;206.749115;-426.784973
1600601992.246977;55.308563;206.636856;-426.669342
1600601992.266935;54.559570;206.649185;-426.781097
1600601992.286894;54.759857;206.193726;-426.661560
1600601992.306852;56.178146;206.382874;-426.918396
1600601992.326811;55.864792;206.254639;-426.928894
1600601992.346769;54.995789;206.447708;-426.644836
1600601992.366728;54.805603;206.516953;-427.099731
1600601992.386686;55.275482;206.729095;-426.895844
1600601992.406645;55.954514;206.758453;-427.018188
1600601992.426603;56.048996;206.516129;-426.847290
1600601992.446501;54.639679;206.285217;-426.487427
1600601992.466429;54.355133;206.651001;-426.257324
1600601992.486357;54.744339;206.780670;-426.094116
1600601992.506315;55.329605;206.860855;-426.251740
1600601992.526274;55.486206;207.032730;-426.502655
1600601992.546232;54.785385;206.762711;-426.574341
1600601992.566191;54.721756;206.390518;-427.147888
1600601992.586149;55.016266;206.255722;-426.699921
1600601992.606108;54.840179;206.270462;-426.660217
1600601992.626066;54.822281;206.200073;-426.500031
1600601992.646025;53.612991;206.079605;-425.997559
1600601992.665983;52.930008;205.835556;-425.780518
1600601992.685911;53.252182;205.799515;-425.818176
1600601992.705870;53.306595;205.575256;-425.723694
1600601992.725828;53.099625;205.716843;-425.640289
1600601992.745786;52.499466;205.472168;-425.602417
1600601992.765745;51.819122;205.391861;-425.302612
1600601992.785673;51.861145;205.428467;-425.124054
1600601992.805662;51.054062;205.423096;-425.131287
1600601992.825590;51.881439;205.291580;-424.886261
1600601992.845548;51.063690;205.342850;-424.599213
1600601992.865537;51.101227;205.081177;-424.531006
1600601992.885526;50.703003;205.120514;-424.594788
1600601992.905515;49.949356;205.072586;-424.271057
1600601992.925474;51.312881;205.105865;-424.243439
1600601992.945432;51.122330;204.937302;-424.282104
1600601992.965391;49.870316;204.865295;-423.558472
1600601992.985349;49.978653;205.018356;-423.999176
1600601993.005308;50.547012;205.332657;-423.790588
1600601993.025266;51.081100;205.422012;-423.829346
1600601993.045225;50.775620;205.499222;-423.496887
1600601993.065183;50.266617;205.493774;-423.597778
1600601993.085142;51.034210;205.680435;-424.283325
1600601993.105060;51.022232;205.607162;-424.859406
1600601993.125019;52.013855;205.593475;-424.929871
1600601993.144977;50.949036;205.444824;-424.580688
1600601993.164936;51.562256;205.844650;-424.434570
1600601993.184894;51.327408;206.020798;-424.310272
1600601993.204853;52.038605;206.263748;-424.272461
1600601993.224811;52.774017;206.309631;-424.683441
1600601993.244800;52.510010;206.360947;-424.791809
1600601993.264759;52.517181;206.429398;-425.162537
1600601993.284717;53.046494;206.311478;-425.363739
1600601993.304676;53.049545;206.526489;-425.568359
1600601993.324634;53.820221;206.842789;-425.586731
1600601993.344593;53.229507;206.585190;-425.452362
1600601993.364551;52.919220;206.531830;-425.375519
1600601993.384510;53.202469;206.538071;-425.246613
1600601993.404468;52.714844;206.376831;-425.327087
1600601993.424427;53.672714;206.751755;-425.456085
1600601993.444385;53.694199;206.699387;-425.622620
1600601993.464344;53.235001;206.963806;-425.553253
1600601993.484302;52.942062;206.837265;-425.700439
1600601993.504291;53.663452;206.771255;-425.615143
1600601993.524250;54.461044;206.960510;-425.558441
1600601993.544239;53.760941;207.224167;-425.598206
1600601993.564228;53.322113;206.868134;-425.431915
1600601993.584186;53.213684;206.984268;-425.334778
1600601993.604145;52.853989;206.769897;-425.246826
1600601993.624134;53.598114;207.102753;-425.370850
1600601993.644062;53.189011;206.718414;-425.007751
1600601993.664020;53.132721;206.947144;-425.107910
1600601993.683979;52.781021;206.637634;-424.910156
1600601993.703937;52.847458;206.640900;-424.882690
1600601993.723896;53.359283;206.751785;-424.813171
1600601993.743854;52.931854;206.698547;-424.916260
1600601993.763813;52.688217;206.729568;-424.939575
1600601993.783771;52.715485;206.696320;-424.972717
1600601993.803730;52.494568;206.525009;-425.046387
1600601993.823688;53.075012;206.536118;-425.138885
1600601993.843677;52.103653;206.682831;-424.567139
1600601993.863636;52.040497;206.911240;-423.675903
1600601993.883594;51.460907;206.901352;-423.540955
1600601993.903553;51.462677;206.845169;-423.119385
1600601993.923511;52.065964;206.975082;-423.451721
1600601993.943439;52.068954;206.716797;-423.512817
1600601993.963428;50.912796;206.556625;-423.514832
1600601993.983387;50.964966;206.256531;-423.400604
1600601994.003376;50.269043;206.163452;-423.037842
1600601994.023365;50.545059;205.819550;-423.083130
1600601994.043293;50.344437;205.829178;-422.851196
1600601994.063251;49.590332;205.647903;-422.594360
1600601994.083179;49.731125;205.149338;-422.719604
1600601994.103097;49.285828;205.080261;-422.913147
1600601994.123056;49.706467;205.039062;-422.976868
1600601994.143014;49.616837;204.964966;-422.956970
1600601994.162973;48.939041;204.617035;-422.902405
1600601994.182931;48.825531;204.896744;-422.466064
1600601994.202890;48.464706;204.869080;-422.234314
1600601994.222848;49.358368;205.122009;-422.665710
1600601994.242807;49.366974;205.040314;-422.231445
1600601994.262765;48.916473;204.986404;-421.921021
1600601994.282724;48.515350;205.173935;-421.791168
1600601994.302682;48.558640;205.265610;-422.253662
1600601994.322641;49.787292;205.631668;-422.345398
1600601994.342599;50.099869;205.838806;-422.151520
1600601994.362558;49.295013;205.599152;-422.026855
1600601994.382516;49.453613;206.059448;-422.134644
1600601994.402475;49.650513;206.328094;-422.645630
1600601994.422433;50.091537;206.307602;-422.898163
1600601994.442392;51.117386;206.540604;-423.038239
1600601994.462350;50.501572;206.280151;-423.395935
1600601994.482309;50.054672;206.433350;-423.752533
1600601994.502267;51.324524;206.509918;-423.720764
1600601994.522195;51.370529;207.109589;-423.424011
1600601994.542154;51.939880;207.381302;-423.471252
1600601994.562112;51.559708;207.775681;-423.036926
1600601994.582071;52.021133;208.044418;-422.540771
1600601994.602029;52.359314;208.282944;-422.742523
1600601994.622018;52.723267;208.307236;-423.364288
1600601994.641977;53.200806;208.666931;-423.217102
1600601994.661935;53.076752;208.699417;-422.943329
1600601994.681894;53.338043;208.952835;-422.885834
1600601994.701852;53.137680;208.817017;-423.345398
1600601994.721811;53.359390;208.902130;-423.303711
1600601994.741769;53.768570;209.296066;-423.539307
1600601994.761697;53.371140;209.182388;-423.159424
1600601994.781656;53.435120;209.171600;-423.092529
1600601994.801614;53.436554;209.042542;-423.359436
1600601994.821573;53.567368;209.113342;-423.340393
1600601994.841531;54.120956;209.403564;-423.570374
1600601994.861520;53.400909;209.304947;-423.255066
1600601994.881479;53.495148;209.388824;-423.248779
1600601994.901437;53.549103;209.316330;-423.483582
1600601994.921396;53.581467;209.331589;-423.823608
1600601994.941385;54.320496;209.465393;-423.719910
1600601994.961343;53.142075;209.198090;-423.561523
1600601994.981302;53.688705;209.347977;-423.800201
1600601995.001260;53.256165;209.205902;-423.771545
1600601995.021188;52.835861;209.143906;-423.718079
1600601995.041177;53.906296;209.271317;-424.013855
1600601995.061136;52.994034;209.429077;-423.958313
1600601995.081094;52.966110;209.200546;-424.196655
1600601995.101024;52.507996;208.994110;-424.012177
1600601995.120982;52.725311;209.181061;-424.013367
1600601995.140941;53.004196;208.862915;-424.306488
1600601995.160899;52.060883;208.691071;-424.236877
1600601995.180858;51.938202;208.483612;-424.255432
1600601995.200816;51.515137;208.385345;-423.786163
1600601995.220775;51.254044;208.230438;-424.035767
1600601995.240733;51.364136;208.136902;-424.264893
1600601995.260692;51.146072;207.956100;-423.885071
1600601995.280650;50.370132;207.993576;-423.854950
1600601995.300609;50.505661;208.046799;-423.230835
1600601995.320567;50.138199;207.846527;-423.282104
1600601995.340526;51.018692;207.895950;-423.762848
1600601995.360484;50.411255;207.992645;-423.873169
1600601995.380443;49.621002;207.780685;-424.145172
1600601995.400401;49.893555;207.793243;-424.272339
1600601995.420360;49.966324;207.323837;-424.273804
1600601995.440318;50.876801;207.420944;-424.382874
1600601995.460277;50.454575;207.516983;-423.824951
1600601995.480235;49.156235;207.313248;-423.609802
1600601995.500194;49.342148;207.445557;-423.791626
1600601995.520152;49.369781;207.216995;-423.806519
1600601995.540112;50.207489;207.224854;-424.363373
1600601995.560069;49.987488;207.052490;-424.285065
1600601995.580029;49.685562;206.994690;-424.532471
1600601995.599986;49.533096;207.000824;-424.463501
1600601995.619946;49.663864;206.782318;-424.302307
1600601995.639903;49.917679;206.844940;-424.724976
1600601995.659863;49.773361;206.861481;-424.469604
1600601995.679821;48.977676;206.782272;-424.265686
1600601995.699780;48.475296;206.759750;-424.028656
1600601995.719738;49.195435;206.310257;-424.097046
1600601995.739727;49.692596;206.380630;-424.570221
1600601995.759686;49.866852;206.555450;-424.509277
1600601995.779675;49.318008;206.335327;-424.614899
1600601995.799664;49.266876;206.392670;-424.466858
1600601995.819621;49.422119;206.526794;-424.470642
1600601995.839550;50.238922;206.435822;-424.593201
1600601995.859509;50.397903;206.480530;-424.854492
1600601995.879467;49.670258;206.553009;-424.679810
1600601995.899426;50.050064;206.689056;-425.161438
1600601995.919384;50.964798;206.506409;-425.493927
1600601995.939342;51.219711;206.803406;-426.018311
1600601995.959332;51.362640;206.824066;-425.996704
1600601995.979321;51.167313;206.739029;-425.394653
1600601995.999278;51.327332;207.260696;-425.375549
1600601996.019238;51.552734;207.449432;-425.180298
1600601996.039196;52.006165;208.038467;-425.440308
1600601996.059155;52.950180;208.375946;-425.321655
1600601996.079113;53.137894;208.200729;-424.902771
1600601996.099016;53.553360;208.473358;-425.165283
1600601996.118974;53.659134;208.483597;-425.341125
1600601996.138933;53.867538;208.565628;-425.686707
1600601996.158891;54.592178;208.888763;-425.779785
1600601996.178850;54.193512;208.856018;-425.422455
1600601996.198808;54.390030;208.862869;-425.414612
1600601996.218797;54.195847;209.016068;-425.499817
1600601996.238756;54.359726;208.958191;-425.479736
1600601996.258714;55.301300;209.061462;-425.409912
1600601996.278673;55.003525;209.044891;-425.119537
1600601996.298631;54.682053;208.995590;-425.225098
1600601996.318590;55.042023;209.035416;-425.518433
1600601996.338548;55.031616;209.134766;-425.363281
1600601996.358506;55.831619;209.134750;-425.596619
1600601996.378465;55.421951;209.116196;-425.734253
1600601996.398423;55.709213;209.266235;-425.531799
1600601996.418382;55.739929;209.204803;-425.509705
1600601996.438340;55.662323;209.288651;-425.897675
1600601996.458299;56.285156;209.414795;-425.695129
1600601996.478257;55.696075;209.291809;-425.609406
1600601996.498216;55.717026;209.135208;-425.538818
1600601996.518174;55.392166;209.093063;-425.597534
1600601996.538133;55.677979;209.154114;-425.587311
1600601996.558091;56.289673;209.395889;-425.799500
1600601996.578050;55.584549;209.145767;-425.805237
1600601996.598069;55.465897;208.907990;-425.655762
1600601996.618028;55.868439;208.725540;-425.802917
1600601996.637986;54.839798;208.931519;-425.421173
1600601996.657945;55.965927;208.766693;-425.520599
1600601996.677842;55.347977;208.907990;-425.138367
1600601996.697770;55.207932;208.935501;-424.488586
1600601996.717698;54.856644;209.377380;-424.058777
1600601996.737596;54.892883;209.192719;-423.730133
1600601996.757524;55.853561;209.563248;-424.011139
1600601996.777421;55.479660;209.231461;-424.131897
1600601996.797349;55.521515;209.129852;-424.469604
1600601996.817247;55.696228;209.461914;-424.590942
1600601996.837175;55.577576;208.913086;-425.090332
1600601996.857072;56.071762;209.005371;-424.940674
1600601996.877000;55.852493;208.916153;-424.326935
1600601996.896928;55.103119;208.975113;-424.174500
1600601996.916887;54.667252;208.931107;-423.757690
1600601996.936845;55.171799;209.361511;-423.986481
1600601996.956804;55.897430;209.134415;-424.383087
1600601996.976762;56.018219;209.232483;-424.768341
1600601996.996721;55.065628;209.015762;-424.484741
1600601997.016679;54.813187;208.887100;-424.593567
1600601997.036638;54.805099;208.928116;-424.461609
1600601997.056596;55.707565;208.703400;-424.896606
1600601997.076555;55.887451;209.133575;-424.886108
1600601997.096478;55.386856;209.171829;-424.365540
1600601997.116436;55.040878;209.056534;-424.422791
1600601997.136395;54.620163;209.101028;-424.552429
1600601997.156353;55.543716;209.192444;-425.005280
1600601997.176311;56.100555;209.099960;-424.969482
1600601997.196270;55.052124;208.999527;-424.769470
1600601997.216198;55.261246;208.925674;-424.814789
1600601997.236187;54.940338;208.783844;-425.072296
1600601997.256145;55.893463;208.895996;-425.072144
1600601997.276104;55.470322;208.948044;-425.368256
1600601997.296062;55.325485;208.448578;-425.096741
1600601997.315990;55.480423;208.753967;-425.525696
1600601997.335949;56.099228;208.713593;-425.780029
1600601997.355907;56.202591;208.540039;-426.246826
1600601997.375835;56.559677;208.465912;-426.933929
1600601997.395793;55.656891;208.488541;-426.609070
1600601997.415752;55.702301;208.507355;-426.430725
1600601997.435710;55.965454;208.656616;-426.451172
1600601997.455669;56.141464;208.693085;-426.508728
1600601997.475627;57.269058;208.957901;-426.424438
1600601997.495616;57.232895;209.001419;-426.676758
1600601997.515575;57.074417;209.138382;-426.493286
1600601997.535564;57.618500;209.342926;-426.881653
1600601997.555522;57.882126;209.271912;-427.457825
1600601997.575481;58.504608;209.186020;-427.542511
1600601997.595439;58.155579;209.337433;-426.886871
1600601997.615398;57.880997;209.605652;-426.995209
1600601997.635356;58.125214;209.414169;-426.955017
1600601997.655315;58.136047;209.707504;-426.468750
1600601997.675273;58.896072;209.564163;-427.356567
1600601997.695262;58.383682;209.529266;-427.080566
1600601997.715221;58.148300;209.854111;-426.922913
1600601997.735179;58.334351;209.757523;-427.219055
1600601997.755138;58.526337;209.822815;-427.178467
1600601997.775096;59.110992;210.028275;-427.219177
1600601997.795055;58.635483;209.912659;-426.925171
1600601997.815044;58.580032;210.083084;-426.918640
1600601997.835002;58.501373;209.988052;-426.892334
1600601997.854961;58.312363;209.932846;-426.940674
1600601997.874919;58.399475;209.948395;-427.381409
1600601997.894908;58.369095;209.907928;-427.096100
1600601997.914836;58.178101;209.813171;-427.261963
1600601997.934795;58.238220;209.593506;-427.049316
1600601997.954753;57.388535;209.703506;-426.927856
1600601997.974712;57.831650;209.561920;-427.366852
1600601997.994670;57.023346;209.637177;-426.934570
1600601998.014629;57.000626;209.355911;-426.710114
1600601998.034587;56.576721;209.462585;-426.574280
1600601998.054546;56.406937;209.015610;-426.733704
1600601998.074504;56.849823;208.842148;-426.960815
1600601998.094436;56.087204;208.735611;-427.156677
1600601998.114394;55.876709;208.639023;-426.833252
1600601998.134353;55.845001;208.700577;-426.838135
1600601998.154311;54.750809;208.911743;-426.810181
1600601998.174270;56.001663;208.958771;-426.706421
1600601998.194228;54.646942;208.734268;-426.305481
1600601998.214187;54.467102;208.482071;-426.662109
1600601998.234145;54.237457;208.447144;-426.806641
1600601998.254134;54.515015;208.171265;-427.084473
1600601998.274123;55.444824;208.081421;-427.625671
1600601998.294082;54.755585;208.287613;-427.418121
1600601998.314040;54.399765;208.033691;-427.272736
1600601998.333999;54.507629;208.008560;-426.963898
1600601998.353957;54.066177;208.116058;-427.204926
1600601998.373946;54.634689;208.201904;-427.348175
1600601998.393935;54.172974;207.999176;-427.224365
1600601998.413894;53.765610;207.908203;-427.156372
1600601998.433852;53.861816;208.086533;-426.917511
1600601998.453811;53.701660;208.033127;-426.922607
1600601998.473739;53.771408;208.156784;-426.924194
1600601998.493697;53.613235;208.197205;-426.724762
1600601998.513656;53.144699;207.950607;-426.615112
1600601998.533614;53.065735;208.134399;-426.703003
1600601998.553573;53.421036;207.764145;-426.753418
1600601998.573531;53.669571;208.065582;-426.961365
1600601998.593490;53.700211;208.580551;-426.922974
1600601998.613448;52.730286;208.383102;-426.749390
1600601998.633407;53.257706;208.356384;-426.713867
1600601998.653396;53.462204;208.271027;-426.744019
1600601998.673354;53.786636;208.567322;-426.682526
1600601998.693313;53.803757;208.723328;-426.908356
1600601998.713241;53.496246;208.663803;-426.497345
1600601998.733199;53.581528;208.533752;-426.510468
1600601998.753158;53.172043;208.677475;-426.519104
1600601998.773116;54.132645;208.756012;-426.739746
1600601998.793075;53.592941;208.599045;-426.933868
1600601998.813033;52.902222;208.697495;-426.715057
1600601998.832992;53.061020;208.508255;-426.405396
1600601998.852950;52.880676;208.706512;-426.056183
1600601998.872909;53.468948;208.983978;-426.284546
1600601998.892867;53.462204;208.940887;-426.085510
1600601998.912826;52.889359;208.935715;-425.697632
1600601998.932784;52.480316;209.118225;-425.365906
1600601998.952743;52.725494;209.137375;-425.274475
1600601998.972701;53.395935;209.312302;-425.594360
1600601998.992629;54.075089;209.207291;-425.830383
1600601999.012588;53.024918;209.388641;-425.606750
1600601999.032546;53.568649;209.475540;-425.613770
1600601999.052505;53.033081;209.450333;-425.410919
1600601999.072463;52.480408;209.267532;-425.640381
1600601999.092422;53.766830;209.523270;-425.577332
1600601999.112389;53.020615;209.147705;-425.309631
1600601999.132378;52.940826;209.375580;-425.351501
1600601999.152367;52.731689;209.127426;-425.720154
1600601999.172325;52.600555;208.807785;-425.920837
1600601999.192284;53.413788;209.164352;-425.886475
1600601999.212242;52.262863;208.484222;-426.070709
1600601999.232201;52.633835;208.637985;-425.908508
1600601999.252159;51.994308;208.418900;-425.893768
1600601999.272118;51.965164;208.369949;-426.023376
1600601999.292076;52.290390;208.265274;-426.102356
1600601999.312035;51.050369;208.101654;-425.989746
1600601999.331993;51.145508;207.955612;-425.774109
1600601999.351952;51.059341;207.933975;-425.677979
1600601999.371910;50.625061;207.724594;-425.640625
1600601999.391869;51.633301;207.629471;-425.769562
1600601999.411827;50.200256;207.575119;-425.414307
1600601999.431786;50.119370;207.370193;-425.667480
1600601999.451744;50.051804;207.170273;-425.315308
1600601999.471703;49.594391;206.816711;-425.276672
1600601999.491661;50.205383;206.998123;-425.422180
1600601999.511620;49.380096;206.740982;-425.163879
1600601999.531578;49.278763;206.295868;-425.481812
1600601999.551537;49.246445;206.243469;-425.596100
1600601999.571465;48.730637;205.835312;-425.876648
1600601999.591423;49.118530;206.037262;-425.685028
1600601999.611382;48.306168;206.013550;-425.284363
1600601999.631371;47.831848;206.358521;-424.252960
1600601999.651329;47.658325;206.298538;-423.587982
1600601999.671288;47.959427;206.472626;-423.561310
1600601999.691246;48.509277;206.826782;-424.105316
